"X01","X02","X03","X04","X05","X06","X07","X08","X09","X10","X11","X12","X13","X14","X15","X16","X17","X18","X19","X20","X21","X22","X23","X24","X25","X26","X27","X28","X29","X30","X31","X32","X33","X34","X35","X36","X37","X38","X39","X40","X41","X42","X43","X44","X45","X46","X47","X48","X49","X50"
31.4648333333333,13.8421666666667,8.10473333333333,6.14956666666667,5.22163333333333,4.23918333333333,4.73571666666667,5.74793333333333,5.04751666666667,8.6077,5.82461666666667,2.07953333333333,1.64421666666667,1.60338333333333,1.455,1.21826666666667,1.08751666666667,1.113735,0.886048333333333,0.818403333333333,0.688765,0.629231666666667,0.561336666666667,0.450805,0.343923333333333,0.345723333333333,0.307973333333333,0.221865,0.21278,0.23144,0.30314,0.49817,0.393935,0.207303333333333,0.119742666666667,0.125328,0.131236833333333,0.126703333333333,0.1109085,0.127850833333333,0.140809833333333,0.123333166666667,0.0972101666666667,0.095367,0.105208166666667,0.136770833333333,0.1413285,0.140956666666667,0.109746666666667,0.0852028333333333
23.6201666666667,11.0598833333333,6.07795,5.12163333333333,4.10573333333333,3.3657,3.49301666666667,3.5308,3.81936666666667,7.80106666666667,5.00365,1.58145,1.19216666666667,1.10748,1.23491666666667,0.984811666666667,0.867495,0.769345,0.67463,0.654856666666667,0.566908333333333,0.55555,0.526918333333333,0.386991666666667,0.33048,0.277631666666667,0.200151666666667,0.193053333333333,0.180121666666667,0.167278333333333,0.259741666666667,0.55606,0.549896666666667,0.250856666666667,0.124980333333333,0.0845333333333333,0.0797245,0.0795033333333333,0.070157,0.0857631666666667,0.0781486666666667,0.0729456666666667,0.0859365,0.075913,0.092888,0.0993266666666667,0.0726666666666667,0.0907348333333333,0.111190666666667,0.108612666666667
23.6735,6.95793333333333,3.01483333333333,2.18868333333333,2.41861666666667,1.9217,1.4677,2.14135,9.55336666666667,11.3507,2.82941666666667,0.993395,0.4206,0.291331666666667,0.254816666666667,0.238428333333333,0.243568333333333,0.331698333333333,0.363468333333333,0.327446666666667,0.257643333333333,0.181728333333333,0.169456666666667,0.141461666666667,0.125238833333333,0.0993683333333333,0.101716333333333,0.0957093333333333,0.0755353333333333,0.0934511666666667,0.103042666666667,0.113017333333333,0.0883563333333333,0.0704378333333333,0.0583148333333333,0.0462971666666667,0.0492651666666667,0.0437021666666667,0.0464546666666667,0.0441335,0.041777,0.0407526666666667,0.0356826666666667,0.0357495,0.0349086666666667,0.0316128333333333,0.0337145,0.0363055,0.0379428333333333,0.0363863333333333
16.172,5.09923333333333,2.06326666666667,1.35261666666667,1.22141666666667,0.986295,0.88936,1.84828333333333,9.59805,10.7445333333333,2.99366666666667,0.834111666666667,0.350933333333333,0.297246666666667,0.249453333333333,0.26299,0.233293333333333,0.303511666666667,0.388233333333333,0.310621666666667,0.184523333333333,0.109060833333333,0.100291333333333,0.103688833333333,0.0928578333333333,0.0975016666666667,0.0875236666666667,0.0768246666666667,0.0709023333333333,0.079684,0.0652395,0.0854058333333333,0.0702923333333333,0.051745,0.0552236666666667,0.0459506666666667,0.0382946666666667,0.0507638333333333,0.0580561666666667,0.0653103333333333,0.0654016666666667,0.0549991666666667,0.0566113333333333,0.0501878333333333,0.045756,0.0444138333333333,0.0653425,0.0770401666666667,0.0526453333333333,0.0413688333333333
30.138,14.4718333333333,7.24723333333333,4.02215,4.11273333333333,3.5871,6.07483333333333,16.1701666666667,23.9661666666667,17.3423333333333,4.43226666666667,1.40371666666667,0.82782,0.712598333333333,0.712285,0.663001666666667,0.65288,0.639215,0.596535,0.53148,0.480708333333333,0.380115,0.29385,0.252076666666667,0.207585,0.174678333333333,0.159431666666667,0.137605,0.1189325,0.1387,0.237008333333333,0.41448,0.365601666666667,0.16191,0.0702123333333333,0.0514108333333333,0.0389716666666667,0.0408083333333333,0.0374738333333333,0.0319385,0.033296,0.0327498333333333,0.0291325,0.0257115,0.0285785,0.0294826666666667,0.0269328333333333,0.025236,0.0257615,0.0248668333333333
24.815,10.858,5.34995,4.03986666666667,3.5956,3.50653333333333,5.03493333333333,14.5663666666667,21.7198333333333,18.0708333333333,5.71561666666667,1.47831666666667,0.80508,0.824571666666667,0.687201666666667,0.630813333333333,0.642718333333333,0.681633333333333,0.528685,0.559095,0.570338333333333,0.389246666666667,0.291333333333333,0.204401666666667,0.173183333333333,0.156091666666667,0.139012833333333,0.119525166666667,0.111545833333333,0.111574,0.127719333333333,0.234173333333333,0.415766666666667,0.197351666666667,0.0648635,0.0438616666666667,0.0355001666666667,0.0315935,0.033372,0.0314915,0.0280598333333333,0.0257911666666667,0.0238086666666667,0.0216671666666667,0.0224846666666667,0.0209776666666667,0.0177318333333333,0.0209221666666667,0.0223743333333333,0.019648
16.1613333333333,6.90405,7.15765,8.4148,6.35223333333333,2.75248333333333,1.59543333333333,1.8439,3.07248333333333,2.71758333333333,0.834351666666667,0.330201666666667,0.303881666666667,0.299941666666667,0.354543333333333,0.413468333333333,0.397308333333333,0.352908333333333,0.387553333333333,0.419071666666667,0.3112,0.23984,0.223953333333333,0.189996666666667,0.14123,0.144215,0.136408333333333,0.123583333333333,0.103818333333333,0.1092295,0.156508333333333,0.304258333333333,0.299553333333333,0.183436666666667,0.131016666666667,0.116315,0.101226333333333,0.07259,0.0575921666666667,0.0500436666666667,0.0500815,0.0432206666666667,0.043065,0.0434206666666667,0.0406038333333333,0.0418956666666667,0.0420871666666667,0.0422886666666667,0.0425493333333333,0.0399076666666667
18.7336666666667,7.60945,6.65453333333333,7.80321666666667,6.26861666666667,3.08443333333333,1.58175,1.49771666666667,2.50488333333333,2.58761666666667,0.842016666666667,0.431691666666667,0.436443333333333,0.473341666666667,0.518366666666667,0.567128333333333,0.589956666666667,0.55593,0.455386666666667,0.391723333333333,0.378693333333333,0.361781666666667,0.280665,0.2246,0.171731666666667,0.146233333333333,0.126929666666667,0.117556833333333,0.104992666666667,0.102162333333333,0.15064,0.246225,0.331565,0.23533,0.123588333333333,0.095456,0.106890166666667,0.0956681666666667,0.0666585,0.055989,0.0453765,0.0361576666666667,0.0405528333333333,0.0391206666666667,0.0397046666666667,0.0381725,0.0362203333333333,0.0354863333333333,0.0376248333333333,0.034796
26.0406666666667,10.40255,5.9949,4.0499,2.94003333333333,2.69125,2.64388333333333,3.56598333333333,6.85266666666667,5.26636666666667,1.58938333333333,1.20220333333333,0.942973333333333,1.07536,1.06477333333333,0.799973333333333,0.592771666666667,0.516243333333333,0.514673333333333,0.710263333333333,0.697238333333333,0.582506666666667,0.410468333333333,0.283938333333333,0.232496666666667,0.17317,0.14293,0.13365,0.109385666666667,0.0944885,0.0836278333333333,0.0813673333333333,0.0771681666666667,0.0697311666666667,0.0586441666666667,0.0546001666666667,0.0668568333333333,0.062832,0.0435565,0.0423613333333333,0.0528835,0.0483108333333333,0.0462201666666667,0.0455671666666667,0.0395376666666667,0.0394033333333333,0.0503381666666667,0.0491733333333333,0.0433113333333333,0.0391993333333333
29.4886666666667,11.5668666666667,6.87705,4.03583333333333,3.0575,2.5637,2.42781666666667,3.40905,5.94073333333333,4.19911666666667,1.779,1.59246666666667,1.60675,1.49395,1.19384,0.975666666666667,0.74439,0.68336,0.608048333333333,0.719256666666667,0.818235,0.697115,0.46293,0.28719,0.214996666666667,0.156795,0.12405,0.101147666666667,0.104169,0.0981845,0.0886735,0.0905388333333333,0.0758005,0.0708928333333333,0.0638163333333333,0.0707965,0.0762895,0.061772,0.054514,0.0497395,0.0483793333333333,0.0471378333333333,0.0573223333333333,0.0553416666666667,0.0470095,0.0424536666666667,0.0470066666666667,0.045896,0.043709,0.0447871666666667
39.8138333333333,14.0671333333333,5.82555,5.09043333333333,5.64793333333333,4.01493333333333,4.22585,4.53551666666667,10.6313833333333,14.8138333333333,5.03116666666667,2.1712,1.35356666666667,1.14110333333333,0.817568333333333,0.659021666666667,0.540346666666667,0.536266666666667,0.533551666666667,0.436053333333333,0.358001666666667,0.25334,0.224015,0.21789,0.182163333333333,0.163521666666667,0.161051666666667,0.191135,0.308973333333333,0.293121666666667,0.176386666666667,0.12938,0.113292166666667,0.0963218333333333,0.0916938333333333,0.0998806666666667,0.0954688333333333,0.104236333333333,0.105042,0.1038065,0.0991791666666667,0.108125166666667,0.120212333333333,0.0985843333333333,0.122916666666667,0.116066833333333,0.13719,0.127414666666667,0.0954186666666667,0.122252166666667
23.0188333333333,8.31288333333333,4.82128333333333,3.7741,3.53501666666667,2.59771666666667,2.94003333333333,3.55295,9.32743333333333,13.0761666666667,4.46991666666667,1.74108333333333,1.11629333333333,0.804163333333333,0.652051666666667,0.551275,0.476193333333333,0.396498333333333,0.436431666666667,0.33167,0.261055,0.235341666666667,0.1832,0.148971666666667,0.122187166666667,0.130909166666667,0.130837,0.139272,0.194401666666667,0.207875,0.108897166666667,0.0849285,0.0774411666666667,0.0708643333333333,0.0604693333333333,0.063462,0.0683028333333333,0.0689401666666667,0.057827,0.0570748333333333,0.0647273333333333,0.0813173333333333,0.0752953333333333,0.085699,0.0721565,0.0586646666666667,0.0663868333333333,0.0541913333333333,0.0532115,0.072522
15.7731666666667,6.86485,3.59205,3.05255,2.3104,2.306,1.95058333333333,2.13573333333333,3.61828333333333,4.10591666666667,1.74356666666667,0.636088333333333,0.46937,0.484156666666667,0.564635,0.52873,0.58077,0.509175,0.439233333333333,0.487491666666667,0.507855,0.429593333333333,0.311783333333333,0.25302,0.179135,0.1320105,0.1050005,0.112193166666667,0.0940153333333333,0.0791411666666667,0.108289166666667,0.120724333333333,0.117417833333333,0.093003,0.067824,0.0708486666666667,0.0667821666666667,0.0562463333333333,0.0492081666666667,0.0497375,0.0479236666666667,0.0442595,0.043723,0.0360756666666667,0.0356933333333333,0.0332656666666667,0.0367188333333333,0.0391685,0.0371931666666667,0.0292176666666667
16.3805,8.17856666666667,4.89778333333333,4.37673333333333,3.40013333333333,2.56131666666667,2.36521666666667,2.47516666666667,3.80861666666667,4.90993333333333,2.46583333333333,0.824603333333333,0.655201666666667,0.714728333333333,0.769438333333333,0.63779,0.673216666666667,0.782978333333333,0.794195,0.956246666666667,0.77652,0.521696666666667,0.50805,0.327773333333333,0.197913333333333,0.170341666666667,0.115394,0.103593833333333,0.100951833333333,0.1063435,0.108765166666667,0.100862833333333,0.116352,0.106597833333333,0.0739305,0.0778361666666667,0.0725245,0.064371,0.064185,0.0536278333333333,0.0515416666666667,0.0448146666666667,0.0451933333333333,0.0507595,0.0506091666666667,0.0385611666666667,0.0364003333333333,0.0383601666666667,0.037431,0.0384751666666667
18.856,8.31415,3.3128,1.85668333333333,1.54728333333333,1.649,2.67066666666667,5.19285,9.14565,11.6958333333333,3.56028333333333,1.16645,0.594318333333333,0.526071666666667,0.347,0.348051666666667,0.36358,0.365671666666667,0.48635,0.425553333333333,0.290566666666667,0.157795,0.216071666666667,0.21166,0.17314,0.142925,0.132831666666667,0.215593333333333,0.333998333333333,0.212803333333333,0.112521,0.128695833333333,0.132225166666667,0.1182425,0.1022365,0.0832535,0.0813336666666667,0.061352,0.0515925,0.0543598333333333,0.0698266666666667,0.0563696666666667,0.0508951666666667,0.0599293333333333,0.0770778333333333,0.102197666666667,0.101102166666667,0.0725921666666667,0.084158,0.091744
24.1336666666667,8.40251666666667,3.85585,2.64518333333333,1.77553333333333,1.77713333333333,2.72376666666667,4.99361666666667,8.72963333333333,7.28773333333333,2.98505,1.2783,0.610596666666667,0.636226666666667,0.567436666666667,0.445416666666667,0.491138333333333,0.455995,0.440035,0.480388333333333,0.39527,0.358983333333333,0.314341666666667,0.259283333333333,0.281735,0.258706666666667,0.239113333333333,0.273158333333333,0.265785,0.179158333333333,0.125420166666667,0.202873333333333,0.253165,0.234685,0.225125,0.148565,0.149182666666667,0.115323166666667,0.105193833333333,0.169211833333333,0.1446005,0.109767166666667,0.123107,0.138717666666667,0.143652,0.108265833333333,0.0910858333333333,0.0836176666666667,0.179447666666667,0.134432
32.6485,10.9532666666667,6.12826666666667,3.98383333333333,3.16125,3.44851666666667,4.39405,6.39151666666667,4.57913333333333,3.12646666666667,3.53825,3.139,1.67651666666667,1.34026666666667,1.35169833333333,1.21635,1.05427833333333,0.77841,0.655165,0.64681,0.736945,1.05798666666667,0.973623333333333,0.654571666666667,0.453151666666667,0.322151666666667,0.219908333333333,0.15512,0.195721666666667,0.146565,0.0973575,0.0896333333333333,0.0823656666666667,0.0738436666666667,0.0574551666666667,0.0516086666666667,0.0597131666666667,0.0530276666666667,0.042303,0.0387133333333333,0.0333193333333333,0.0359525,0.0385331666666667,0.0330128333333333,0.0360723333333333,0.0339601666666667,0.0274775,0.0289791666666667,0.0344606666666667,0.0353361666666667
15.4662833333333,5.60343333333333,2.8577,2.4284,2.0283,1.74768333333333,2.35491666666667,3.09503333333333,2.43585,2.17353333333333,2.62323333333333,2.25091666666667,1.58668333333333,1.13192166666667,1.10969833333333,1.11753,0.887323333333333,0.699031666666667,0.590228333333333,0.564663333333333,0.495438333333333,0.515541666666667,0.54356,0.461386666666667,0.327985,0.241671666666667,0.202836666666667,0.17317,0.153396666666667,0.1374575,0.106106833333333,0.0836326666666667,0.0643091666666667,0.0541555,0.0617206666666667,0.0480511666666667,0.0457478333333333,0.041201,0.0371073333333333,0.0413505,0.037135,0.0412121666666667,0.0359233333333333,0.0299931666666667,0.031317,0.0375268333333333,0.0314905,0.0298543333333333,0.034145,0.0316856666666667
12.54735,4.69093333333333,2.80138333333333,3.5559,2.94226666666667,1.88458333333333,2.13486666666667,1.6398,1.88108333333333,1.33666666666667,0.643491666666667,0.56451,0.491013333333333,0.476838333333333,0.453856666666667,0.350513333333333,0.259558333333333,0.268365,0.206941666666667,0.191686666666667,0.153971666666667,0.151455,0.138256666666667,0.129765666666667,0.129094333333333,0.111910166666667,0.092532,0.0862468333333333,0.0713795,0.0681551666666667,0.0812776666666667,0.0860188333333333,0.0767585,0.0709161666666667,0.0697575,0.0594565,0.0439485,0.0450368333333333,0.0483041666666667,0.0502545,0.0591938333333333,0.0512825,0.0521828333333333,0.052493,0.0415813333333333,0.034288,0.0426616666666667,0.0465671666666667,0.0437391666666667,0.041367
11.1222,3.36535,2.01451666666667,1.79636666666667,1.76628333333333,1.37575,1.50693333333333,1.28303333333333,1.51865,1.019725,0.479318333333333,0.410078333333333,0.412291666666667,0.359723333333333,0.321806666666667,0.239038333333333,0.249221666666667,0.230365,0.168875,0.150261666666667,0.139495,0.1182025,0.114542666666667,0.099965,0.087887,0.0867553333333333,0.0812371666666667,0.0714343333333333,0.0671435,0.0706185,0.0931123333333333,0.0970971666666667,0.0686841666666667,0.047849,0.0433946666666667,0.0398356666666667,0.0397818333333333,0.0413685,0.046396,0.0476038333333333,0.0415066666666667,0.0452128333333333,0.04005,0.0368798333333333,0.0361053333333333,0.0419358333333333,0.0428305,0.0416958333333333,0.0481668333333333,0.0419628333333333
61.994,18.6235,8.8171,5.95803333333333,5.03733333333333,4.2798,4.1398,5.00176666666667,4.72036666666667,6.88851666666667,5.36126666666667,1.65081666666667,1.3789,1.18840666666667,1.02658666666667,0.907075,0.775703333333333,0.56426,0.559625,0.482246666666667,0.357716666666667,0.299131666666667,0.267763333333333,0.245058333333333,0.19298,0.184995,0.179803333333333,0.216545,0.227821666666667,0.182496666666667,0.155058333333333,0.130869,0.105715166666667,0.115261333333333,0.125258666666667,0.162899833333333,0.203307833333333,0.166063,0.121308666666667,0.171483833333333,0.232173833333333,0.159562833333333,0.110957,0.179734333333333,0.187805,0.162106833333333,0.0988248333333333,0.0913416666666667,0.101684166666667,0.068419
17.881,7.82543333333333,4.4349,2.78993333333333,2.66018333333333,2.17456666666667,2.08185,2.4873,3.2066,5.07236666666667,4.03433333333333,0.972661666666667,0.787956666666667,0.677206666666667,0.547295,0.479915,0.342331666666667,0.287638333333333,0.223173333333333,0.187728333333333,0.128743666666667,0.0995793333333333,0.0998403333333333,0.0925986666666667,0.0861351666666667,0.0711418333333333,0.0710793333333333,0.0646138333333333,0.0593906666666667,0.05764,0.060683,0.0467036666666667,0.0446536666666667,0.0439156666666667,0.0467638333333333,0.0441,0.041282,0.0417411666666667,0.0340156666666667,0.0329131666666667,0.0345778333333333,0.0396285,0.0318488333333333,0.0301785,0.0265285,0.0350756666666667,0.0317958333333333,0.0275596666666667,0.0314856666666667,0.0232045
11.0473666666667,3.40961666666667,1.53572833333333,1.45845666666667,1.08854333333333,1.02148833333333,1.47876833333333,2.07723333333333,2.04666666666667,0.964038333333333,0.438796666666667,0.256998333333333,0.20631,0.194998333333333,0.183021666666667,0.169013333333333,0.17021,0.154040166666667,0.167470833333333,0.163865,0.127640166666667,0.120528,0.111181833333333,0.0823375,0.0736885,0.0648763333333333,0.0562253333333333,0.0605526666666667,0.0606683333333333,0.0667581666666667,0.1269055,0.235153333333333,0.124884666666667,0.0478186666666667,0.0452678333333333,0.036058,0.029869,0.0305835,0.0331423333333333,0.0297865,0.0265453333333333,0.0308241666666667,0.0301086666666667,0.025178,0.0238165,0.0235933333333333,0.0204608333333333,0.0219376666666667,0.0256193333333333,0.0224396666666667
10.2818666666667,4.4997,2.69768333333333,1.95206666666667,1.51825666666667,1.29911,1.77255,2.03506666666667,1.92081666666667,1.09186,0.583931666666667,0.317818333333333,0.228205,0.241348333333333,0.296495,0.27026,0.256588333333333,0.25104,0.21814,0.197961666666667,0.204258333333333,0.156661333333333,0.175182,0.151838666666667,0.1112565,0.0742023333333333,0.0767191666666667,0.0797143333333333,0.0722665,0.0927303333333333,0.198068333333333,0.490318333333333,0.233526666666667,0.0624053333333333,0.0420078333333333,0.0354841666666667,0.0362546666666667,0.0325263333333333,0.0310465,0.0297053333333333,0.0253388333333333,0.0244025,0.0271961666666667,0.0309408333333333,0.0243656666666667,0.026109,0.0281833333333333,0.0250876666666667,0.0224161666666667,0.0227408333333333
23.8806666666667,9.72058333333333,5.0266,3.81418333333333,4.54435,3.74726666666667,3.16101666666667,3.5513,7.8841,6.59958333333333,2.38028333333333,0.821685,0.621061666666667,0.494265,0.470818333333333,0.509135,0.418956666666667,0.449565,0.44898,0.323378333333333,0.276685,0.189291666666667,0.138866833333333,0.118728833333333,0.114916833333333,0.106970166666667,0.130846833333333,0.126845166666667,0.112188833333333,0.101242166666667,0.0934493333333333,0.0849891666666667,0.0940656666666667,0.0710318333333333,0.0638796666666667,0.0634615,0.0639986666666667,0.0541896666666667,0.0580426666666667,0.058269,0.0534995,0.0516443333333333,0.0631311666666667,0.0567115,0.0475668333333333,0.047524,0.053974,0.057989,0.0628246666666667,0.0467588333333333
18.4851666666667,9.72036666666667,5.22801666666667,3.19483333333333,3.20718333333333,4.0398,3.64501666666667,3.11465,6.55818333333333,5.81938333333333,2.03341666666667,0.602008333333333,0.435468333333333,0.49714,0.514598333333333,0.508141666666667,0.503338333333333,0.45006,0.389683333333333,0.339703333333333,0.255065,0.225656666666667,0.181593333333333,0.150691666666667,0.164491666666667,0.159635,0.122776666666667,0.111954833333333,0.110348333333333,0.0885778333333333,0.0979396666666667,0.104782833333333,0.095252,0.0898011666666667,0.0898358333333333,0.100481666666667,0.0667235,0.060665,0.063198,0.0669836666666667,0.0598363333333333,0.0502396666666667,0.0527006666666667,0.0397666666666667,0.0415355,0.0577711666666667,0.0527071666666667,0.0489161666666667,0.0539766666666667,0.0405178333333333
18.8589333333333,6.33086666666667,3.24128333333333,1.66666666666667,1.08557333333333,0.939766666666667,0.84026,0.716455,0.633081666666667,0.582248333333333,0.566875,0.484831666666667,0.48607,0.479661666666667,0.436511666666667,0.399173333333333,0.431665,0.360345,0.354721666666667,0.325066666666667,0.335695,0.283003333333333,0.310255,0.29051,0.2657975,0.260454333333333,0.237084,0.217599166666667,0.200801333333333,0.201654833333333,0.216338333333333,0.204779666666667,0.1806205,0.124813666666667,0.192022,0.209111833333333,0.219264666666667,0.221340666666667,0.169660833333333,0.1504365,0.137988166666667,0.110439666666667,0.132851,0.101708666666667,0.130718333333333,0.158594833333333,0.119748666666667,0.157857833333333,0.120496,0.0929835
17.9846666666667,6.92048333333333,3.3463,1.76071666666667,1.14926666666667,0.948625,0.86051,0.63411,0.547373333333333,0.545923333333333,0.56271,0.520055,0.52806,0.5936,0.535408333333333,0.333708333333333,0.285828333333333,0.263781666666667,0.268313333333333,0.231993333333333,0.220586666666667,0.1865,0.185111666666667,0.1577,0.147635,0.144638166666667,0.144791833333333,0.133856166666667,0.136021333333333,0.1207135,0.0976046666666667,0.103966166666667,0.100623166666667,0.0940118333333333,0.0700186666666667,0.0677698333333333,0.0750223333333333,0.084181,0.0652388333333333,0.0624321666666667,0.0876795,0.0809315,0.0762125,0.078195,0.0733693333333333,0.0832713333333333,0.0626148333333333,0.0648468333333333,0.061905,0.0444758333333333
17.8698333333333,5.82895,2.69066666666667,2.2521,1.6984,1.13305166666667,1.2655,1.78145,4.18201666666667,4.27338333333333,1.2377,0.791361666666667,0.649955,0.520186666666667,0.336146666666667,0.22651,0.219093333333333,0.217101666666667,0.191193333333333,0.169245,0.131168333333333,0.127507666666667,0.120362666666667,0.0942083333333333,0.0810058333333333,0.0784668333333333,0.0783696666666667,0.0681885,0.0583786666666667,0.060473,0.0584721666666667,0.0568731666666667,0.0503586666666667,0.0501518333333333,0.0571645,0.0454368333333333,0.0439106666666667,0.048098,0.0450135,0.041934,0.0424378333333333,0.0422278333333333,0.0402591666666667,0.0376905,0.0392331666666667,0.0347873333333333,0.0370195,0.032882,0.033857,0.0355311666666667
27.9185,9.02066666666667,3.64406666666667,2.67176666666667,1.95488333333333,1.39448333333333,2.05243333333333,2.70876666666667,5.089,4.59123333333333,1.3883,0.784868333333333,0.808896666666667,0.71167,0.574576666666667,0.383825,0.272211666666667,0.244968333333333,0.225755,0.201173333333333,0.188526666666667,0.173248333333333,0.133329166666667,0.1086925,0.114494333333333,0.0943135,0.102146833333333,0.0823266666666667,0.0681876666666667,0.0752943333333333,0.0648488333333333,0.0568728333333333,0.0513736666666667,0.049874,0.0505403333333333,0.0511673333333333,0.0515521666666667,0.0484248333333333,0.0439165,0.042661,0.0395463333333333,0.0511215,0.052941,0.0472926666666667,0.0443498333333333,0.0492973333333333,0.0436666666666667,0.0385378333333333,0.0433721666666667,0.0441466666666667
15.9773333333333,10.2617,6.32748333333333,4.5143,4.79095,4.12778333333333,4.3693,5.69365,11.1741666666667,14.2563333333333,2.29366666666667,0.805751666666667,0.742115,0.846363333333333,0.701726666666667,0.835276666666667,0.760296666666667,0.718573333333333,0.713476666666667,0.922595,0.875865,1.2032,1.15728,0.75249,0.483498333333333,0.253795,0.155975,0.15325,0.150848333333333,0.132545,0.110676666666667,0.0890396666666667,0.0699325,0.0797726666666667,0.0677846666666667,0.0788376666666667,0.0650355,0.0499365,0.0509055,0.0534835,0.0504098333333333,0.0513478333333333,0.0456048333333333,0.045782,0.0417818333333333,0.05034,0.0433518333333333,0.0430788333333333,0.0432565,0.0512335
17.3176666666667,8.93658333333333,5.60026666666667,4.88416666666667,5.38888333333333,3.26855,3.9087,4.85091666666667,8.7821,8.72966666666667,1.42216666666667,0.798091666666667,0.83805,0.758496666666667,0.64593,0.778145,0.773378333333333,0.69283,0.802978333333333,0.753908333333333,1.07259,1.52893333333333,1.34005,0.973045,0.579485,0.294743333333333,0.190151666666667,0.150798333333333,0.104406,0.0925581666666667,0.0964425,0.0809228333333333,0.067345,0.0725803333333333,0.0596425,0.0537786666666667,0.051239,0.0517496666666667,0.0504306666666667,0.0462693333333333,0.0468318333333333,0.0450043333333333,0.0428258333333333,0.0429111666666667,0.041513,0.0496598333333333,0.0489068333333333,0.0427556666666667,0.0407771666666667,0.0429446666666667
8.05258333333333,3.44173333333333,2.03681666666667,1.66175,1.48171666666667,1.16134166666667,1.22366,1.11688,1.10776,1.18323333333333,0.840528333333333,0.628456666666667,0.586768333333333,0.463508333333333,0.398123333333333,0.344763333333333,0.405658333333333,0.35913,0.340135,0.324496666666667,0.27572,0.195715,0.188740666666667,0.1620015,0.1398325,0.165841166666667,0.169164666666667,0.0981016666666667,0.0923345,0.128127833333333,0.133762666666667,0.091772,0.087727,0.086466,0.075004,0.072964,0.0627996666666667,0.0612215,0.068502,0.0711615,0.0609673333333333,0.0972121666666667,0.0810356666666667,0.0729736666666667,0.0779933333333333,0.0737646666666667,0.042927,0.0536783333333333,0.070733,0.0621583333333333
5.0092,2.63133333333333,1.42024,1.044785,1.02335333333333,1.114865,0.844786666666667,0.75964,0.589253333333333,0.633086666666667,0.494948333333333,0.400968333333333,0.350681666666667,0.345865,0.385903333333333,0.35815,0.262585,0.20863,0.229655,0.155963333333333,0.132279,0.148463333333333,0.133457333333333,0.113806166666667,0.0937625,0.0815225,0.0704643333333333,0.0583215,0.0673021666666667,0.0607551666666667,0.0446046666666667,0.066619,0.0555798333333333,0.036787,0.041027,0.041105,0.0366016666666667,0.0409745,0.0456208333333333,0.0382373333333333,0.0337621666666667,0.0326335,0.0305746666666667,0.0349413333333333,0.0356238333333333,0.0284585,0.0244378333333333,0.029723,0.0325435,0.0293363333333333
12.3161166666667,5.59166666666667,2.32616666666667,1.81601666666667,1.39177,1.05110333333333,1.05869666666667,1.51523333333333,2.815,3.50506666666667,3.78226666666667,1.56045,0.582726666666667,0.466078333333333,0.455736666666667,0.369076666666667,0.29462,0.236156666666667,0.18507,0.170223333333333,0.17808,0.129594,0.0969758333333333,0.08805,0.0813183333333333,0.0805776666666667,0.0689335,0.048966,0.0506036666666667,0.0481778333333333,0.0534121666666667,0.0505745,0.0443255,0.0487125,0.046436,0.0477441666666667,0.0477581666666667,0.0435915,0.0403495,0.0403081666666667,0.0352131666666667,0.0434253333333333,0.0475821666666667,0.041035,0.0352005,0.0350286666666667,0.0343676666666667,0.0369951666666667,0.0382773333333333,0.0362318333333333
20.29235,4.78573333333333,1.87596666666667,1.27807,1.23487333333333,0.953256666666667,0.900443333333333,0.97073,1.77418333333333,2.7197,3.2661,1.43693833333333,0.578808333333333,0.370735,0.299205,0.275916666666667,0.232408333333333,0.20465,0.176648333333333,0.16689,0.126662833333333,0.10252,0.0860288333333333,0.068674,0.0567096666666667,0.052298,0.0491375,0.048666,0.0410505,0.0520421666666667,0.0451195,0.036584,0.0383236666666667,0.0394105,0.0379761666666667,0.0403105,0.0385923333333333,0.0322885,0.0339796666666667,0.0328628333333333,0.0304511666666667,0.0266903333333333,0.0267718333333333,0.0303656666666667,0.0316686666666667,0.0299913333333333,0.0243,0.0263335,0.0309096666666667,0.0325611666666667
28.4711666666667,14.959,8.11123333333333,6.26533333333333,4.9559,3.7528,3.64201666666667,4.30743333333333,5.52366666666667,5.2531,3.77221666666667,2.29096666666667,1.90365,2.0112,1.9686,2.05268333333333,1.39301666666667,1.022835,1.06126333333333,1.10190333333333,1.38706166666667,1.49022333333333,0.979618333333333,0.732035,0.430685,0.242553333333333,0.218675,0.163556666666667,0.122962166666667,0.0933688333333333,0.0842841666666667,0.0872133333333333,0.0797596666666667,0.0809978333333333,0.0644906666666667,0.0565935,0.0522243333333333,0.052212,0.0430196666666667,0.036153,0.0342766666666667,0.0340265,0.0364251666666667,0.034243,0.0331471666666667,0.0316335,0.0357293333333333,0.0382285,0.0336685,0.0272265
24.6551666666667,13.8841,7.49661666666667,5.59811666666667,4.3216,3.904,3.49111666666667,4.37155,4.91475,4.14893333333333,3.73686666666667,2.49783333333333,1.74698333333333,1.88078333333333,1.92731666666667,1.49716666666667,1.253955,1.14658166666667,1.45075,1.67413333333333,1.85981666666667,2.42348333333333,1.41470166666667,1.12361,0.748596666666667,0.42261,0.266085,0.20104,0.165236666666667,0.131954333333333,0.102268,0.0992718333333333,0.0980626666666667,0.0925345,0.0885896666666667,0.0743865,0.0675403333333333,0.0646735,0.0629233333333333,0.0495706666666667,0.0406273333333333,0.0348805,0.041683,0.0404086666666667,0.0398328333333333,0.040089,0.0367296666666667,0.0409593333333333,0.036957,0.0328025
26.8078333333333,11.3478833333333,5.39326666666667,3.67688333333333,2.28806666666667,2.42766666666667,2.71098333333333,2.61873333333333,3.13871666666667,2.99941666666667,1.36028333333333,0.775198333333333,0.810621666666667,0.818875,0.651868333333333,0.565958333333333,0.51855,0.395113333333333,0.39519,0.353766666666667,0.25161,0.20421,0.179176666666667,0.174808333333333,0.151028333333333,0.133351666666667,0.112699,0.0994913333333333,0.0959965,0.0768616666666667,0.091674,0.077378,0.0703211666666667,0.0721621666666667,0.0631081666666667,0.0507658333333333,0.0533313333333333,0.0439828333333333,0.0383156666666667,0.037041,0.0358998333333333,0.039256,0.0368538333333333,0.0349543333333333,0.0372558333333333,0.0341965,0.0399748333333333,0.0437648333333333,0.0364588333333333,0.0341158333333333
14.0399166666667,5.72465,3.06465,2.30645,1.83466666666667,1.46888,1.93586666666667,1.97618333333333,1.9949,2.03635,1.172645,0.724723333333333,0.705015,0.667071666666667,0.644218333333333,0.501206666666667,0.420333333333333,0.360148333333333,0.33358,0.25936,0.193106666666667,0.17542,0.1516355,0.135039333333333,0.118394,0.1089915,0.0981355,0.0927353333333333,0.0935108333333333,0.0969506666666667,0.096134,0.0676771666666667,0.0665751666666667,0.0592426666666667,0.0500301666666667,0.0419386666666667,0.0348558333333333,0.0313658333333333,0.033694,0.0298628333333333,0.0328365,0.0300715,0.0257033333333333,0.0235725,0.0247626666666667,0.0249721666666667,0.025264,0.0242846666666667,0.0232036666666667,0.023163
11.8621,4.19096666666667,2.32978333333333,1.39526666666667,1.62111666666667,1.54401666666667,1.48036666666667,1.84106666666667,4.72651666666667,2.86915,0.654381666666667,0.393628333333333,0.368278333333333,0.386435,0.299611666666667,0.310026666666667,0.269053333333333,0.310663333333333,0.274646666666667,0.229686666666667,0.216411666666667,0.168541666666667,0.117193833333333,0.143631666666667,0.15809,0.116069333333333,0.104095833333333,0.0982331666666667,0.0914645,0.0818031666666667,0.0863075,0.0724113333333333,0.0772043333333333,0.0970573333333333,0.078647,0.0691388333333333,0.069584,0.060959,0.0711375,0.082936,0.061795,0.063025,0.0551648333333333,0.0531445,0.0517903333333333,0.0424466666666667,0.0474075,0.0608385,0.0700123333333333,0.0556013333333333
11.3006666666667,5.52353333333333,2.84711666666667,1.68783333333333,2.5043,2.46663333333333,2.1521,2.58296666666667,9.69518333333333,5.78865,1.03650666666667,0.652911666666667,0.43547,0.475288333333333,0.44251,0.35917,0.347655,0.375675,0.311876666666667,0.243433333333333,0.232368333333333,0.19247,0.141298333333333,0.167481666666667,0.128255833333333,0.112724,0.101029166666667,0.100604333333333,0.0977113333333333,0.0895675,0.0693858333333333,0.054321,0.0564251666666667,0.0629041666666667,0.0605831666666667,0.055065,0.0515501666666667,0.0483033333333333,0.0496491666666667,0.0460803333333333,0.043192,0.0402095,0.0355835,0.033543,0.0342591666666667,0.0431241666666667,0.0474848333333333,0.0511885,0.0531748333333333,0.042492
16.479,4.5419,2.11805,1.43963333333333,1.57381666666667,1.5552,1.4224,1.75798333333333,3.08065,2.72181666666667,1.01375166666667,0.609325,0.530668333333333,0.410243333333333,0.384803333333333,0.415211666666667,0.349728333333333,0.2493,0.256633333333333,0.214401666666667,0.135468333333333,0.129466666666667,0.142915,0.134645,0.120646666666667,0.118063,0.0891536666666667,0.0809985,0.0855383333333333,0.0880961666666667,0.11681,0.161013333333333,0.101447166666667,0.0534371666666667,0.0391361666666667,0.0322785,0.0316963333333333,0.0332421666666667,0.0353508333333333,0.0298466666666667,0.0229206666666667,0.0245653333333333,0.0239016666666667,0.021173,0.0209258333333333,0.0223765,0.0224746666666667,0.0223645,0.0231751666666667,0.0212998333333333
14.2285,4.5511,2.50031666666667,1.65671666666667,1.68216666666667,1.36593333333333,1.19118333333333,1.57883333333333,2.67531666666667,2.1602,0.771673333333333,0.442611666666667,0.373006666666667,0.367021666666667,0.33139,0.340628333333333,0.32466,0.255036666666667,0.19693,0.21865,0.150783333333333,0.148891666666667,0.141586666666667,0.121075,0.120473333333333,0.0894765,0.0758618333333333,0.0816386666666667,0.0882485,0.0854728333333333,0.110790166666667,0.125635,0.0812638333333333,0.0551916666666667,0.0488723333333333,0.040547,0.0381811666666667,0.0385081666666667,0.0325758333333333,0.029681,0.0301608333333333,0.0285953333333333,0.0304088333333333,0.0291601666666667,0.0297528333333333,0.0268195,0.0269206666666667,0.0251291666666667,0.0241585,0.0248558333333333
17.4591666666667,7.48001666666667,4.35868333333333,3.20065,2.14446666666667,1.40948333333333,1.20786666666667,1.67655,2.8953,2.79266666666667,1.24713333333333,0.49464,0.395401666666667,0.546631666666667,0.785233333333333,0.934476666666667,0.754041666666667,0.611705,0.684221666666667,0.730713333333333,0.730281666666667,0.575836666666667,0.410605,0.360051666666667,0.276478333333333,0.202513333333333,0.158538333333333,0.1143195,0.106550166666667,0.0975731666666667,0.0970236666666667,0.128675,0.146183333333333,0.111750666666667,0.0849235,0.0767063333333333,0.0656195,0.0589356666666667,0.0510808333333333,0.0506126666666667,0.0467288333333333,0.0398655,0.0418876666666667,0.036437,0.042065,0.0403163333333333,0.0367116666666667,0.0325641666666667,0.0315746666666667,0.033237
16.587,8.56026666666667,4.99988333333333,3.68886666666667,2.25471666666667,1.65663333333333,1.51665,1.63071666666667,2.75388333333333,3.09768333333333,1.25699166666667,0.453035,0.4328,0.679693333333333,0.879693333333333,0.922005,0.784458333333333,0.711151666666667,0.843135,0.906315,0.783808333333333,0.651205,0.533031666666667,0.337561666666667,0.206465,0.169105,0.121110833333333,0.103081166666667,0.0987673333333333,0.0932365,0.0918926666666667,0.113363,0.114314166666667,0.0766303333333333,0.0604481666666667,0.0473906666666667,0.0490931666666667,0.0418618333333333,0.0423568333333333,0.041684,0.0347871666666667,0.03762,0.0314181666666667,0.0270171666666667,0.0274555,0.0310711666666667,0.029232,0.0252043333333333,0.0227613333333333,0.0287691666666667
14.884,6.31008333333333,4.21075,3.5897,2.10696666666667,1.67581666666667,2.0353,2.99948333333333,7.14921666666667,9.1387,2.45855,0.49377,0.37411,0.305795,0.294008333333333,0.373078333333333,0.450733333333333,0.516886666666667,0.490215,0.439235,0.329081666666667,0.328636666666667,0.351138333333333,0.33415,0.254756666666667,0.227258333333333,0.200721666666667,0.140471666666667,0.12272,0.1001825,0.0920138333333333,0.0805166666666667,0.073421,0.0700951666666667,0.059602,0.0578098333333333,0.057023,0.0569248333333333,0.0530476666666667,0.0487626666666667,0.0376625,0.0406791666666667,0.0443681666666667,0.043679,0.0497618333333333,0.0456688333333333,0.0400611666666667,0.0405473333333333,0.0374096666666667,0.0388878333333333
18.0421666666667,7.04718333333333,4.65868333333333,3.33825,2.50533333333333,2.38066666666667,2.35471666666667,2.84068333333333,6.52246666666667,9.12483333333333,2.65951666666667,0.69178,0.474436666666667,0.367986666666667,0.39815,0.442826666666667,0.483443333333333,0.527073333333333,0.425195,0.445845,0.43704,0.39333,0.374505,0.343738333333333,0.284668333333333,0.22286,0.174861666666667,0.156301666666667,0.146583333333333,0.1264375,0.0973878333333333,0.0915718333333333,0.0789203333333333,0.0804725,0.0726491666666667,0.0783601666666667,0.0673486666666667,0.0660778333333333,0.0593025,0.0567958333333333,0.049011,0.0520755,0.0524565,0.0451278333333333,0.0399341666666667,0.0419353333333333,0.0431396666666667,0.044224,0.038327,0.036722
18.0716666666667,6.50563333333333,3.15175,1.87376666666667,1.62428333333333,1.68621666666667,1.49696833333333,1.404255,1.85161666666667,3.9534,5.19611666666667,1.76693333333333,0.402015,0.281811666666667,0.338738333333333,0.293995,0.234028333333333,0.24819,0.245231666666667,0.229645,0.230175,0.22095,0.19734,0.17489,0.130422,0.119884,0.108296666666667,0.0991933333333333,0.0841025,0.0785776666666667,0.0809141666666667,0.0640098333333333,0.061018,0.0495786666666667,0.053723,0.0416723333333333,0.0426536666666667,0.0405005,0.039087,0.034504,0.0316853333333333,0.0388696666666667,0.0364816666666667,0.035279,0.0339945,0.032552,0.028429,0.0311693333333333,0.0319793333333333,0.0236615
21.8488333333333,8.18133333333333,3.40478333333333,2.10023333333333,2.12398333333333,1.96382833333333,1.46561,1.063285,1.34520833333333,4.0277,5.91626666666667,2.26323333333333,0.514401666666667,0.426365,0.347481666666667,0.311916666666667,0.337908333333333,0.2618,0.229538333333333,0.190156666666667,0.213628333333333,0.293611666666667,0.228235,0.133740166666667,0.138734,0.106577833333333,0.0902778333333333,0.0769493333333333,0.0747585,0.0605005,0.0602423333333333,0.0583026666666667,0.0515421666666667,0.0440798333333333,0.0478651666666667,0.0457443333333333,0.0486865,0.0441775,0.0372125,0.0340063333333333,0.0325491666666667,0.0382238333333333,0.0349053333333333,0.0315768333333333,0.0323551666666667,0.0316373333333333,0.0324236666666667,0.0328741666666667,0.0274803333333333,0.026884
23.6156666666667,11.3188833333333,9.5477,4.6499,3.61965,2.33178333333333,2.96155,3.99928333333333,2.35186666666667,12.0048333333333,12.7746666666667,1.3514,0.562361666666667,0.379796666666667,0.372796666666667,0.40204,0.357678333333333,0.316441666666667,0.42613,0.343731666666667,0.342636666666667,0.319725,0.314666666666667,0.251821666666667,0.22399,0.220261666666667,0.16118,0.205788333333333,0.255801666666667,0.222781666666667,0.186943333333333,0.157631666666667,0.145890166666667,0.150681,0.136983333333333,0.119335,0.106193333333333,0.1057585,0.1034105,0.130949333333333,0.118472333333333,0.134619333333333,0.172133333333333,0.1147895,0.1076865,0.13611,0.162511666666667,0.123359,0.0960926666666667,0.127607
38.599,14.999,9.2023,4.5507,3.88023333333333,3.47061666666667,2.79066666666667,3.61128333333333,2.77626666666667,14.0761666666667,14.3368333333333,2.0658,0.745856666666667,0.509671666666667,0.423183333333333,0.4092,0.534791666666667,0.507991666666667,0.550601666666667,0.568111666666667,0.690338333333333,0.557171666666667,0.57914,0.474538333333333,0.370521666666667,0.34046,0.29757,0.31712,0.29541,0.330508333333333,0.35081,0.310465,0.250258333333333,0.265863333333333,0.250445,0.231183333333333,0.230663333333333,0.245633333333333,0.27095,0.30922,0.26859,0.264983333333333,0.244503333333333,0.210656666666667,0.227845,0.235015,0.339126666666667,0.542658333333333,0.527801666666667,0.310361666666667
18.9911666666667,10.26415,5.76776666666667,3.80846666666667,2.54745,2.1237,3.68591666666667,6.29908333333333,13.6531666666667,7.53996666666667,1.65688333333333,0.604475,0.431291666666667,0.461451666666667,0.500315,0.55802,0.615843333333333,0.601633333333333,0.566618333333333,0.492236666666667,0.395521666666667,0.35018,0.356606666666667,0.324681666666667,0.30949,0.25673,0.21659,0.20714,0.21953,0.198466666666667,0.21018,0.1943,0.186635,0.181991333333333,0.230305,0.205098166666667,0.188592833333333,0.1641365,0.182784666666667,0.179739833333333,0.176689,0.2099735,0.236537333333333,0.254177166666667,0.207506166666667,0.179146666666667,0.221114833333333,0.213060666666667,0.187057,0.184389833333333
20.8285333333333,7.85215,4.03358333333333,2.62673333333333,1.88686666666667,1.52705166666667,2.3081,4.33583333333333,8.62678333333333,5.88461666666667,1.37863166666667,0.518155,0.385343333333333,0.384553333333333,0.402281666666667,0.479998333333333,0.56257,0.531825,0.520863333333333,0.47739,0.36078,0.23846,0.21786,0.236533333333333,0.23687,0.190055,0.186023333333333,0.184881666666667,0.161151833333333,0.150596333333333,0.174103333333333,0.204371666666667,0.194795,0.161751333333333,0.144775,0.174438333333333,0.178278333333333,0.160749166666667,0.132578166666667,0.136949166666667,0.137339333333333,0.1684,0.190382833333333,0.187303333333333,0.161256666666667,0.174293666666667,0.231853333333333,0.249196666666667,0.1825435,0.152143833333333
14.6533166666667,5.6604,2.57056666666667,1.61606666666667,1.21787,0.937553333333333,0.777418333333333,0.915258333333333,1.27993333333333,2.63215,1.70058333333333,0.414925,0.210848333333333,0.141355,0.138836666666667,0.14654,0.156163333333333,0.163623333333333,0.16141,0.192448333333333,0.172341666666667,0.117321666666667,0.0954833333333333,0.081874,0.068045,0.0584316666666667,0.0501693333333333,0.045922,0.0389435,0.0422066666666667,0.0468196666666667,0.0466996666666667,0.0333026666666667,0.0282273333333333,0.0231906666666667,0.0255585,0.02081,0.0183723333333333,0.0191581666666667,0.0188945,0.0189803333333333,0.0166421666666667,0.0160846666666667,0.0169503333333333,0.0163691666666667,0.0140308333333333,0.0134015,0.0133555,0.0149065,0.012099
11.4312333333333,4.98625,2.40956666666667,1.6418,1.26304666666667,1.05694833333333,0.991706666666667,0.997583333333333,1.33511666666667,2.6566,1.53718333333333,0.403023333333333,0.264875,0.212738333333333,0.191653333333333,0.197765,0.17324,0.204533333333333,0.191398333333333,0.19552,0.196388333333333,0.153538333333333,0.104338833333333,0.0896521666666667,0.0857818333333333,0.0763063333333333,0.0616573333333333,0.0583695,0.0526318333333333,0.0475248333333333,0.0453425,0.038098,0.0343061666666667,0.0292361666666667,0.0257588333333333,0.0268575,0.0237493333333333,0.020214,0.0183611666666667,0.0200636666666667,0.0197623333333333,0.0167083333333333,0.0189738333333333,0.0199773333333333,0.0185608333333333,0.0178823333333333,0.018014,0.0168316666666667,0.0168468333333333,0.0165903333333333
19.2646666666667,8.53408333333333,4.41251666666667,3.42751666666667,2.32641666666667,2.66165,2.82403333333333,5.14683333333333,11.8428333333333,5.29651666666667,1.38456666666667,1.2129,1.05687333333333,0.866463333333333,0.994445,0.777058333333333,0.574246666666667,0.565898333333333,0.530901666666667,0.46216,0.440398333333333,0.413843333333333,0.294161666666667,0.210148333333333,0.182768333333333,0.149366666666667,0.124154,0.0985225,0.0840538333333333,0.0960105,0.0751731666666667,0.0654185,0.0739413333333333,0.063868,0.0537246666666667,0.0510178333333333,0.0467096666666667,0.0505065,0.0481978333333333,0.0366801666666667,0.0388101666666667,0.0324165,0.0302656666666667,0.0294146666666667,0.0306038333333333,0.0325618333333333,0.0299991666666667,0.0255496666666667,0.0269641666666667,0.0262855
16.0328333333333,7.42478333333333,4.24506666666667,3.12896666666667,2.28801666666667,2.40801666666667,2.80553333333333,4.93515,7.99783333333333,3.76865,1.22445833333333,0.718705,0.667185,0.652136666666667,0.572175,0.554581666666667,0.54854,0.557393333333333,0.47919,0.423235,0.385076666666667,0.350863333333333,0.313633333333333,0.247173333333333,0.195101666666667,0.171911666666667,0.13424,0.121048,0.100634166666667,0.0879485,0.0822186666666667,0.0742901666666667,0.0773481666666667,0.070037,0.0569656666666667,0.0508658333333333,0.0594351666666667,0.0547658333333333,0.0472561666666667,0.0373693333333333,0.0366046666666667,0.0347083333333333,0.0307513333333333,0.0322658333333333,0.0288856666666667,0.0304696666666667,0.0298426666666667,0.0274461666666667,0.0335451666666667,0.0320063333333333
25.1251666666667,9.72493333333333,4.10065,3.00656666666667,2.30223333333333,2.18003333333333,3.14491666666667,6.36558333333333,9.53318333333333,18.2608333333333,13.4376666666667,2.6476,1.09509,0.657733333333333,0.632495,0.63056,0.580866666666667,0.540721666666667,0.491375,0.521706666666667,0.456486666666667,0.392351666666667,0.427028333333333,0.400571666666667,0.295425,0.261101666666667,0.257331,0.287799,0.307277166666667,0.308857333333333,0.297955333333333,0.311825833333333,0.289384666666667,0.289899333333333,0.383510166666667,0.406630833333333,0.331688666666667,0.363112666666667,0.315459666666667,0.335768166666667,0.353691166666667,0.346084833333333,0.340103333333333,0.397508,0.4252925,0.406655833333333,0.3708735,0.354340166666667,0.302158,0.375712666666667
21.6896666666667,7.80853333333333,3.01526666666667,2.23213333333333,2.24145,1.8578,2.20633333333333,4.6164,7.49343333333333,16.725,11.8304166666667,2.35506666666667,0.96534,0.630398333333333,0.508546666666667,0.53056,0.541918333333333,0.518646666666667,0.538643333333333,0.515275,0.481906666666667,0.467775,0.367231666666667,0.253701666666667,0.297438333333333,0.317006666666667,0.263391666666667,0.250321666666667,0.363081666666667,0.368941666666667,0.327275,0.337213333333333,0.340878333333333,0.332155,0.422753333333333,0.374423333333333,0.33139,0.420696666666667,0.34518,0.35948,0.40395,0.354751666666667,0.36126,0.550911666666667,0.660635,0.497995,0.616188333333333,0.589826666666667,0.55089,0.433498333333333
23.5931666666667,7.72166666666667,4.52831666666667,3.50476666666667,2.98326666666667,2.63336666666667,1.90221666666667,1.69006666666667,2.1741,1.8023,1.29223333333333,1.07500666666667,0.897151666666667,0.701276666666667,0.576276666666667,0.476413333333333,0.431695,0.450495,0.402108333333333,0.305951666666667,0.240848333333333,0.231118333333333,0.215863333333333,0.211306666666667,0.188756666666667,0.171918333333333,0.146113333333333,0.154511666666667,0.172996666666667,0.153641666666667,0.145363333333333,0.1260785,0.0862826666666667,0.0883855,0.0941648333333333,0.117447,0.146163166666667,0.160466666666667,0.153379333333333,0.130751833333333,0.0878146666666667,0.0587833333333333,0.060303,0.05917,0.0656241666666667,0.0763983333333333,0.068101,0.0641721666666667,0.0586741666666667,0.0644298333333333
20.5093333333333,7.45173333333333,3.8007,2.8669,2.4062,2.71741666666667,1.87541666666667,1.55096666666667,1.58776666666667,1.52005,1.2248,0.971721666666667,0.82437,0.722938333333333,0.485443333333333,0.31566,0.278926666666667,0.261851666666667,0.232078333333333,0.221758333333333,0.195453333333333,0.192098333333333,0.1705,0.15159,0.121996666666667,0.117251,0.096267,0.107178,0.093997,0.104776666666667,0.0838111666666667,0.0721216666666667,0.0715513333333333,0.0708408333333333,0.0519756666666667,0.0580825,0.0571345,0.058494,0.0562536666666667,0.0542341666666667,0.0613916666666667,0.0499088333333333,0.06289,0.0533086666666667,0.042875,0.052791,0.058412,0.0576168333333333,0.0587108333333333,0.0568995
22.9283333333333,5.59601666666667,2.58561666666667,1.45311666666667,1.10453333333333,0.796616666666667,0.749621666666667,0.743253333333333,0.991821666666667,1.76488333333333,1.50931666666667,0.51559,0.323451666666667,0.313841666666667,0.302228333333333,0.24235,0.210273333333333,0.231931666666667,0.194483333333333,0.173871666666667,0.183241666666667,0.158815,0.14344,0.1153625,0.109475333333333,0.0878105,0.0901923333333333,0.0839705,0.0841755,0.088923,0.0955388333333333,0.086909,0.0725993333333333,0.0652288333333333,0.0702233333333333,0.0737638333333333,0.0667188333333333,0.0643395,0.0585851666666667,0.0659851666666667,0.0736693333333333,0.0636618333333333,0.0568598333333333,0.059699,0.0539601666666667,0.0641298333333333,0.0732068333333333,0.0603241666666667,0.0619338333333333,0.068745
16.591,6.24976666666667,3.24466666666667,1.7768,1.24305666666667,1.15729833333333,1.05746333333333,0.974166666666667,1.20217,1.86285,1.67508333333333,0.588266666666667,0.388296666666667,0.406283333333333,0.386925,0.358605,0.330613333333333,0.279078333333333,0.25735,0.239055,0.240033333333333,0.234643333333333,0.193553333333333,0.154056666666667,0.128961666666667,0.117618666666667,0.118846,0.104190833333333,0.109279,0.110359,0.118494666666667,0.0935545,0.0768786666666667,0.0664095,0.0720463333333333,0.073803,0.0667868333333333,0.0696585,0.0657786666666667,0.058205,0.0601526666666667,0.0520215,0.0480243333333333,0.049206,0.0479435,0.0514955,0.048781,0.047205,0.0430955,0.0443205
18.3193333333333,6.93595,4.31896666666667,3.00658333333333,2.06493333333333,1.68638333333333,2.07166666666667,2.10038333333333,1.59033333333333,1.85801666666667,1.26504666666667,0.874353333333333,0.774878333333333,0.74797,0.649806666666667,0.418166666666667,0.38829,0.338951666666667,0.261935,0.235525,0.238645,0.218503333333333,0.164743333333333,0.14496,0.1188945,0.120858833333333,0.098498,0.069471,0.0709215,0.0765208333333333,0.05981,0.0464905,0.050927,0.0459611666666667,0.0426061666666667,0.0375806666666667,0.0365185,0.0350738333333333,0.0341571666666667,0.0340833333333333,0.0384048333333333,0.0296083333333333,0.0303755,0.0312883333333333,0.0313118333333333,0.0252851666666667,0.027035,0.0249626666666667,0.0278843333333333,0.0294915
11.0524333333333,4.79635,2.0931,2.09913333333333,1.39650333333333,1.288845,1.38421666666667,1.49261666666667,1.133115,1.28751833333333,1.03957333333333,0.812115,0.51929,0.439861666666667,0.37269,0.299896666666667,0.21991,0.209081666666667,0.204616666666667,0.231483333333333,0.170346666666667,0.143364166666667,0.130756666666667,0.109912666666667,0.0846598333333333,0.0866971666666667,0.0746973333333333,0.068649,0.055807,0.0565013333333333,0.0668491666666667,0.049473,0.0367008333333333,0.0350495,0.0361796666666667,0.0248175,0.0276288333333333,0.0286068333333333,0.0297205,0.0285471666666667,0.028984,0.0271335,0.0265711666666667,0.0257516666666667,0.0200376666666667,0.0214071666666667,0.0220361666666667,0.017323,0.0225071666666667,0.0216845
20.884,6.96111666666667,3.77905,4.33451666666667,3.79448333333333,3.04901666666667,3.27533333333333,4.72821666666667,8.12943333333333,10.87595,3.52221666666667,1.43793333333333,1.0935,0.711943333333333,0.623648333333333,0.49748,0.462196666666667,0.534503333333333,0.616313333333333,0.563411666666667,0.58689,0.44668,0.284621666666667,0.228746666666667,0.188808333333333,0.169948333333333,0.148506666666667,0.14745,0.145153333333333,0.122131666666667,0.123143333333333,0.118124833333333,0.106367833333333,0.117641666666667,0.110689666666667,0.0921305,0.0786786666666667,0.072892,0.0771203333333333,0.0723288333333333,0.068799,0.0666446666666667,0.0624505,0.0630885,0.0525605,0.060363,0.0611325,0.0664348333333333,0.0588043333333333,0.0542756666666667
18.6611666666667,6.54355,3.20563333333333,3.59025,3.28125,2.05948333333333,2.72065,4.1054,10.1861333333333,14.7936666666667,3.35618333333333,1.16318333333333,0.732293333333333,0.55707,0.523755,0.40531,0.400221666666667,0.41868,0.504706666666667,0.430153333333333,0.364815,0.26971,0.223968333333333,0.193105,0.169853333333333,0.147345,0.13607,0.126773333333333,0.124844833333333,0.1177805,0.102774666666667,0.0875958333333333,0.0799531666666667,0.0804288333333333,0.0915638333333333,0.102641666666667,0.0871088333333333,0.0715745,0.0668338333333333,0.0560261666666667,0.0530155,0.056326,0.0557088333333333,0.0587626666666667,0.0602263333333333,0.0564658333333333,0.0529868333333333,0.0559313333333333,0.0564733333333333,0.0542318333333333
19.2245,9.92406666666667,5.65801666666667,4.92591666666667,5.33578333333333,6.7719,6.14983333333333,4.6889,5.95135,4.70811666666667,1.92001666666667,0.851416666666667,0.612371666666667,0.578858333333333,0.482721666666667,0.482168333333333,0.389396666666667,0.333948333333333,0.350951666666667,0.349586666666667,0.31723,0.246055,0.265803333333333,0.261748333333333,0.196533333333333,0.199001666666667,0.194771666666667,0.168978333333333,0.144851666666667,0.134656666666667,0.147668333333333,0.152976666666667,0.155008333333333,0.102414,0.0793573333333333,0.0725876666666667,0.0755535,0.0737305,0.067295,0.0545431666666667,0.0532905,0.0518005,0.0516318333333333,0.0465773333333333,0.0465296666666667,0.0491873333333333,0.0461533333333333,0.0476683333333333,0.0422816666666667,0.04335
15.1598333333333,7.22895,2.90958333333333,2.21356666666667,2.86271666666667,3.07451666666667,3.25358333333333,3.73925,6.32791666666667,3.8378,1.28066666666667,0.49748,0.328701666666667,0.292211666666667,0.289828333333333,0.30156,0.293088333333333,0.287743333333333,0.276343333333333,0.211505,0.17956,0.168365,0.176981666666667,0.155163333333333,0.130691666666667,0.110637,0.089692,0.0769301666666667,0.0718218333333333,0.0748788333333333,0.0770996666666667,0.0828333333333333,0.0732175,0.055772,0.0563586666666667,0.0552686666666667,0.0404955,0.038238,0.0341245,0.0319253333333333,0.038337,0.041827,0.0494701666666667,0.0388256666666667,0.0340198333333333,0.0335028333333333,0.0334115,0.032861,0.0304843333333333,0.028473
14.2418333333333,5.49705,2.91481666666667,2.45495,2.55116666666667,2.39735,1.61778333333333,1.03460666666667,0.539571666666667,0.524043333333333,0.52619,0.482368333333333,0.568335,0.401831666666667,0.423941666666667,0.348196666666667,0.322476666666667,0.311315,0.231713333333333,0.248456666666667,0.221028333333333,0.223733333333333,0.243406666666667,0.202991666666667,0.185481666666667,0.161995,0.154515,0.147675,0.153466666666667,0.149881666666667,0.155058333333333,0.120774333333333,0.121334666666667,0.113860833333333,0.0912513333333333,0.0878288333333333,0.0879491666666667,0.061387,0.0694806666666667,0.0687671666666667,0.0538566666666667,0.0479315,0.0639906666666667,0.0616538333333333,0.0599131666666667,0.0549443333333333,0.0422955,0.0545463333333333,0.0467318333333333,0.0430473333333333
18.7735,8.45875,3.6105,2.44723333333333,2.70016666666667,2.07713333333333,1.4893,1.2606,0.720106666666667,0.544411666666667,0.581106666666667,0.596368333333333,0.581268333333333,0.508465,0.564721666666667,0.401885,0.32116,0.335481666666667,0.318568333333333,0.33424,0.298175,0.22374,0.1916,0.195221666666667,0.202418333333333,0.18357,0.143711666666667,0.141758333333333,0.18132,0.23029,0.235201666666667,0.129401666666667,0.105143333333333,0.1005405,0.0744451666666667,0.0776153333333333,0.0972946666666667,0.0712138333333333,0.0671573333333333,0.0607045,0.0570721666666667,0.0690186666666667,0.0536058333333333,0.0585731666666667,0.0765928333333333,0.0618921666666667,0.0512,0.0491916666666667,0.0435011666666667,0.043248
11.7411,5.67588333333333,2.70505,1.96536666666667,1.33539166666667,0.938955,1.14081166666667,1.08695666666667,1.44603333333333,2.01365,1.08622,0.424106666666667,0.293376666666667,0.21116,0.230573333333333,0.214688333333333,0.20755,0.201478333333333,0.17808,0.183081666666667,0.205358333333333,0.179611666666667,0.189985,0.17815,0.153703,0.119093666666667,0.101636166666667,0.0840746666666667,0.0629803333333333,0.0565741666666667,0.0536173333333333,0.0420648333333333,0.0329623333333333,0.0311918333333333,0.03045,0.0260773333333333,0.0218478333333333,0.0228025,0.0230553333333333,0.0216985,0.022281,0.021762,0.0205646666666667,0.0191281666666667,0.0172935,0.0166841666666667,0.0167853333333333,0.0166246666666667,0.0158848333333333,0.0172828333333333
14.4648333333333,5.6974,2.74706666666667,1.7916,1.55628333333333,1.58911666666667,1.50963333333333,1.38343333333333,1.6831,2.16798333333333,1.14151333333333,0.444081666666667,0.336603333333333,0.222568333333333,0.259021666666667,0.247703333333333,0.250121666666667,0.235798333333333,0.261048333333333,0.261833333333333,0.217781666666667,0.219193333333333,0.209683333333333,0.183445,0.149327,0.143308,0.0989246666666667,0.0808945,0.0725641666666667,0.0604178333333333,0.0455776666666667,0.0457026666666667,0.0372858333333333,0.0307016666666667,0.031481,0.0289068333333333,0.0265888333333333,0.0266678333333333,0.0208438333333333,0.0202346666666667,0.0204478333333333,0.0207641666666667,0.0230755,0.02178,0.0206128333333333,0.017572,0.0161510166666667,0.0154521666666667,0.0129636333333333,0.0140764
14.3816833333333,4.42465,2.21141666666667,1.4787,1.47771166666667,1.37373,1.25608333333333,1.24788833333333,1.71218333333333,2.26448333333333,1.2068,0.51761,0.380773333333333,0.478728333333333,0.450835,0.474033333333333,0.444976666666667,0.421428333333333,0.407321666666667,0.411651666666667,0.31725,0.297151666666667,0.276645,0.270196666666667,0.291356666666667,0.261413333333333,0.254996666666667,0.269286666666667,0.321975,0.330491666666667,0.385946666666667,0.442761666666667,0.496791666666667,0.48191,0.365535,0.428725,0.44381,0.443661666666667,0.473865,0.500048333333333,0.526533333333333,0.403521666666667,0.446156666666667,0.395365,0.442761666666667,0.529685,0.604643333333333,0.700225,0.542566666666667,0.508786666666667
9.23478333333333,3.5575,1.93448333333333,1.66875,1.70605,1.57686666666667,1.34447166666667,1.17007166666667,1.24073333333333,1.65813333333333,0.945041666666667,0.436498333333333,0.346181666666667,0.334165,0.279553333333333,0.256978333333333,0.256776666666667,0.273206666666667,0.255326666666667,0.190376666666667,0.179535,0.194956666666667,0.17013,0.133902333333333,0.117069,0.118079333333333,0.115078333333333,0.10254,0.0902696666666667,0.0878688333333333,0.083827,0.0798876666666667,0.0808675,0.0717866666666667,0.0648376666666667,0.063414,0.0579406666666667,0.0612365,0.0620986666666667,0.0624821666666667,0.0557253333333333,0.0617601666666667,0.0487173333333333,0.055938,0.0540906666666667,0.0521583333333333,0.041115,0.0429071666666667,0.0422528333333333,0.0410728333333333
44.3221666666667,7.93308333333333,4.37461666666667,3.99135,3.38906666666667,2.20188333333333,1.87268333333333,3.2706,8.6335,7.24811666666667,2.67076666666667,1.16641666666667,1.05274833333333,0.843795,0.67582,0.588308333333333,0.493316666666667,0.334511666666667,0.223448333333333,0.23726,0.246133333333333,0.218781666666667,0.165281666666667,0.147110166666667,0.129536333333333,0.0998688333333333,0.0853253333333333,0.0875993333333333,0.0947575,0.0758091666666667,0.0799391666666667,0.0720523333333333,0.0831716666666667,0.0788836666666667,0.0733553333333333,0.0708265,0.0557433333333333,0.0694865,0.0743561666666667,0.0497033333333333,0.0508761666666667,0.0570996666666667,0.0667971666666667,0.054677,0.0460373333333333,0.0427846666666667,0.0474963333333333,0.0499783333333333,0.0446001666666667,0.0416046666666667
27.3081666666667,7.66176666666667,3.72228333333333,2.93235,2.55926666666667,2.05033333333333,2.54753333333333,3.96948333333333,10.8818333333333,9.31615,3.55185,1.56906666666667,1.02640666666667,0.864526666666667,0.667523333333333,0.621988333333333,0.512275,0.38544,0.290173333333333,0.315545,0.294766666666667,0.253263333333333,0.178741666666667,0.1291535,0.117700833333333,0.105705,0.0915235,0.0900275,0.0658368333333333,0.0647656666666667,0.057503,0.0597678333333333,0.0592168333333333,0.0576913333333333,0.042698,0.0358265,0.027619,0.0330928333333333,0.0419375,0.0351946666666667,0.031156,0.0321515,0.0300548333333333,0.0288471666666667,0.0215378333333333,0.0227551666666667,0.0292888333333333,0.0267348333333333,0.022163,0.0212778333333333
21.2845,8.0857,4.96855,3.37433333333333,1.59918333333333,1.36201666666667,1.31848333333333,1.83753333333333,5.27876666666667,3.69618333333333,1.064785,0.380343333333333,0.322185,0.293848333333333,0.263736666666667,0.264511666666667,0.240606666666667,0.224796666666667,0.233188333333333,0.185305,0.173246666666667,0.139896666666667,0.125616666666667,0.124171666666667,0.106408166666667,0.0985843333333333,0.0851346666666667,0.0808888333333333,0.0707203333333333,0.0722585,0.063517,0.0522303333333333,0.0435478333333333,0.0465456666666667,0.0521331666666667,0.0476995,0.0388191666666667,0.0348265,0.0312255,0.0297326666666667,0.0334616666666667,0.030352,0.0261226666666667,0.0258716666666667,0.027599,0.0281456666666667,0.0236551666666667,0.024318,0.0242538333333333,0.0269328333333333
18.5531666666667,10.727,7.24438333333333,4.21086666666667,2.141,1.54751666666667,1.45083333333333,2.42631666666667,5.5944,4.30046666666667,1.72115,0.527528333333333,0.3813,0.392523333333333,0.366123333333333,0.308856666666667,0.26373,0.264891666666667,0.238715,0.27731,0.240551666666667,0.200326666666667,0.159948333333333,0.157893333333333,0.149531666666667,0.13338,0.111518,0.0952173333333333,0.106379333333333,0.1143395,0.101925166666667,0.0715005,0.101931,0.129776166666667,0.100125,0.0600126666666667,0.0383151666666667,0.0377565,0.0350145,0.0316548333333333,0.0344976666666667,0.0323123333333333,0.0343613333333333,0.0299578333333333,0.0264248333333333,0.0258213333333333,0.0280858333333333,0.026258,0.02229,0.0225235
13.1770166666667,5.17241666666667,2.6692,1.8954,1.71008333333333,1.38375,1.36714333333333,2.29733333333333,4.76086666666667,4.73968333333333,1.18960833333333,0.689701666666667,0.555213333333333,0.542111666666667,0.546025,0.598456666666667,0.402163333333333,0.427058333333333,0.83698,1.17201333333333,0.6415,0.408605,0.314086666666667,0.124345,0.245895,0.243156666666667,0.0894223333333333,0.1544265,0.174871666666667,0.201201666666667,0.181187,0.2376165,0.134890833333333,0.114281833333333,0.0909223333333333,0.1433195,0.140033833333333,0.173647166666667,0.136548333333333,0.163045,0.249203333333333,0.224141666666667,0.121911,0.073988,0.069263,0.100720833333333,0.215773,0.269367833333333,0.15685,0.0928993333333333
12.5066666666667,6.77163333333333,3.0349,2.57338333333333,2.21731666666667,1.54981666666667,1.45198333333333,1.91968333333333,3.82036666666667,4.0051,1.01830333333333,0.611735,0.604198333333333,0.46615,0.578098333333333,0.62707,0.603903333333333,0.497215,0.41392,0.493463333333333,0.277506666666667,0.17073,0.170036666666667,0.156923333333333,0.184156666666667,0.154456666666667,0.0929686666666667,0.0877975,0.12271,0.122668,0.0805185,0.0795123333333333,0.0638353333333333,0.0614391666666667,0.0967651666666667,0.255976666666667,0.381733333333333,0.289841666666667,0.173466833333333,0.107224833333333,0.0789781666666667,0.100247333333333,0.0676243333333333,0.0493496666666667,0.0533173333333333,0.0474411666666667,0.0363598333333333,0.0545723333333333,0.135460333333333,0.1491055
30.3171666666667,7.61725,3.7122,3.73786666666667,2.93711666666667,2.01971666666667,1.58082666666667,1.13214,1.27226666666667,3.82793333333333,3.39663333333333,0.963075,0.44559,0.42185,0.435123333333333,0.43624,0.483026666666667,0.506113333333333,0.520308333333333,0.416448333333333,0.382478333333333,0.292281666666667,0.207178333333333,0.171350666666667,0.143139833333333,0.129581166666667,0.107510166666667,0.090887,0.0789638333333333,0.0818991666666667,0.0650466666666667,0.0531403333333333,0.045728,0.0489088333333333,0.0494668333333333,0.0506178333333333,0.0440756666666667,0.040974,0.0393185,0.0367095,0.0330743333333333,0.0337458333333333,0.0326515,0.0263528333333333,0.0266268333333333,0.0253681666666667,0.0306675,0.026398,0.0258733333333333,0.0274498333333333
15.1283333333333,5.53848333333333,3.19848333333333,3.24916666666667,2.08936666666667,1.82261666666667,1.37000666666667,1.09998166666667,1.31438333333333,4.66165,4.16491666666667,1.13510333333333,0.52784,0.415376666666667,0.362783333333333,0.460185,0.49788,0.571446666666667,0.578118333333333,0.483315,0.4593,0.365053333333333,0.287031666666667,0.204746666666667,0.165996666666667,0.133911666666667,0.098237,0.0944113333333333,0.089136,0.0822583333333333,0.0658046666666667,0.0609735,0.0523505,0.0455286666666667,0.0459035,0.0423873333333333,0.0365355,0.0345026666666667,0.035722,0.0309216666666667,0.0303673333333333,0.026142,0.0240333333333333,0.0234426666666667,0.0214801666666667,0.0195816666666667,0.0193435,0.0204443333333333,0.018207,0.018705
13.1910333333333,5.42836666666667,2.7316,1.84118333333333,1.25052666666667,0.899628333333333,1.04198666666667,0.872435,0.714731666666667,0.759736666666667,0.532216666666667,0.363293333333333,0.22224,0.242875,0.215796666666667,0.198355,0.20294,0.182011666666667,0.170996666666667,0.168786666666667,0.188261666666667,0.16244,0.131325166666667,0.146183333333333,0.1356365,0.135471166666667,0.1263355,0.133321666666667,0.133789833333333,0.220726666666667,0.225026666666667,0.157538333333333,0.117937333333333,0.0998721666666667,0.118357333333333,0.112241166666667,0.101594166666667,0.0911631666666667,0.077377,0.0686355,0.0734175,0.0789433333333333,0.076503,0.0644045,0.0726671666666667,0.0783375,0.0942365,0.105116166666667,0.0857676666666667,0.082839
4.51695,2.21771666666667,1.19466666666667,0.925426666666667,0.78042,0.668943333333333,0.64812,0.52377,0.600461666666667,0.691178333333333,0.435225,0.285558333333333,0.186886666666667,0.133986666666667,0.14381,0.147165,0.143758333333333,0.114366666666667,0.134388333333333,0.136665,0.120735,0.1051185,0.0942911666666667,0.0877591666666667,0.0754945,0.0707355,0.0650665,0.0568775,0.0746305,0.128301666666667,0.169905,0.102310833333333,0.0541071666666667,0.0448101666666667,0.0375796666666667,0.0358616666666667,0.0423945,0.035338,0.0282816666666667,0.0230405,0.0228948333333333,0.0206766666666667,0.0180861666666667,0.0198176666666667,0.0249988333333333,0.023028,0.0234945,0.0249156666666667,0.0220023333333333,0.0190956666666667
25.0793333333333,16.009,9.5411,6.33376666666667,5.1808,4.03773333333333,3.30678333333333,4.14221666666667,10.3824166666667,28.3525,18.076,4.19273333333333,1.34958333333333,0.974746666666667,0.725355,0.707903333333333,0.688813333333333,0.56583,0.891968333333333,0.85939,0.574361666666667,0.333218333333333,0.272471666666667,0.215901666666667,0.159156666666667,0.187311666666667,0.165338333333333,0.195571666666667,0.213376666666667,0.157501833333333,0.156836666666667,0.142383333333333,0.143947333333333,0.110042,0.107446166666667,0.112912166666667,0.103363666666667,0.100310833333333,0.090656,0.0827036666666667,0.084021,0.0688053333333333,0.0651148333333333,0.0666296666666667,0.0773373333333333,0.0710046666666667,0.0736571666666667,0.0829998333333333,0.0682213333333333,0.0538651666666667
20.9655,12.5823666666667,7.14606666666667,4.61691666666667,4.82728333333333,4.47665,3.7612,3.69623333333333,7.16743333333333,26.3755,15.52,3.72036666666667,1.078275,1.01943,0.779921666666667,0.696661666666667,0.606073333333333,0.716933333333333,0.992966666666667,0.8094,0.486161666666667,0.242395,0.1735455,0.194188333333333,0.170755,0.176638333333333,0.172513333333333,0.175096666666667,0.153607666666667,0.137467,0.130913,0.1023285,0.0946425,0.0962651666666667,0.0837635,0.0705718333333333,0.0593915,0.0607553333333333,0.0508895,0.0452451666666667,0.05327,0.0569063333333333,0.05643,0.0495096666666667,0.0502851666666667,0.0507693333333333,0.0506938333333333,0.0522193333333333,0.052413,0.0447761666666667
16.7331666666667,8.95406666666667,4.11955,2.56288333333333,2.29058333333333,2.3128,3.03566666666667,4.6244,10.0947,5.86275,1.309765,0.691616666666667,0.563491666666667,0.454776666666667,0.350421666666667,0.300896666666667,0.250445,0.197516666666667,0.194373333333333,0.18509,0.176026666666667,0.156908333333333,0.124472,0.127678333333333,0.112423333333333,0.089357,0.0975688333333333,0.0805005,0.0707573333333333,0.0644408333333333,0.0558793333333333,0.0532538333333333,0.0550233333333333,0.0454206666666667,0.0451975,0.0384228333333333,0.0402345,0.0403973333333333,0.0355663333333333,0.0321356666666667,0.0274933333333333,0.0294315,0.0302088333333333,0.0268055,0.023461,0.0238146666666667,0.0249541666666667,0.0236185,0.0244911666666667,0.0227178333333333
36.5126666666667,15.8818333333333,6.5014,3.88365,3.46513333333333,2.90815,4.06115,5.44225,9.91561666666667,6.33405,1.55888333333333,1.012535,0.804256666666667,0.563341666666667,0.521183333333333,0.508106666666667,0.421398333333333,0.352881666666667,0.291166666666667,0.267875,0.262926666666667,0.20823,0.177308333333333,0.169435,0.190026666666667,0.164315,0.140033333333333,0.13285,0.112379333333333,0.104543166666667,0.0947408333333333,0.0921171666666667,0.0916771666666667,0.0775033333333333,0.0562341666666667,0.0577526666666667,0.0562433333333333,0.0492941666666667,0.0489893333333333,0.0418271666666667,0.040835,0.0379968333333333,0.0379463333333333,0.0379526666666667,0.0377571666666667,0.0379098333333333,0.0374831666666667,0.0340196666666667,0.02865,0.0305051666666667
61.8245,14.953,7.73621666666667,4.89833333333333,4.26508333333333,6.51968333333333,7.4825,13.5865,14.6603333333333,4.53836666666667,1.88643333333333,1.60433333333333,1.38646666666667,1.7187,1.60028333333333,1.303395,0.950411666666667,0.864756666666667,0.679118333333333,0.549263333333333,0.42619,0.42109,0.385315,0.386358333333333,0.260095,0.253061666666667,0.243523333333333,0.18266,0.163958333333333,0.118613833333333,0.123442666666667,0.107401333333333,0.0881013333333333,0.086371,0.1149325,0.119965666666667,0.1114115,0.1035555,0.1055175,0.098273,0.0971123333333333,0.0837986666666667,0.0923381666666667,0.0917086666666667,0.1010365,0.0870226666666667,0.0860805,0.0943826666666667,0.102119333333333,0.0997013333333333
34.8416666666667,9.31443333333333,3.5942,3.61508333333333,2.87605,2.17351666666667,3.26635,7.37283333333333,9.10798333333333,2.97368333333333,0.894626666666667,0.830028333333333,0.74517,0.888,0.604323333333333,0.481935,0.420305,0.432513333333333,0.263411666666667,0.272711666666667,0.224686666666667,0.239878333333333,0.21161,0.16214,0.150043333333333,0.146081666666667,0.117277,0.103238833333333,0.079019,0.0854076666666667,0.0659225,0.0595988333333333,0.0677128333333333,0.0642693333333333,0.0473223333333333,0.0461398333333333,0.0606778333333333,0.0710451666666667,0.057818,0.0465745,0.0583186666666667,0.0632425,0.0741875,0.0686328333333333,0.0676403333333333,0.0677761666666667,0.0829393333333333,0.0859398333333333,0.0680108333333333,0.0560865
10.1550833333333,3.85755,2.78508333333333,2.513,1.45458,0.821333333333333,0.796663333333333,0.93859,1.08062666666667,1.00477,0.750663333333333,0.403576666666667,0.212468333333333,0.172636666666667,0.16176,0.130530333333333,0.1201485,0.133400333333333,0.1212025,0.0995768333333333,0.0862668333333333,0.0710306666666667,0.0572355,0.0484281666666667,0.0436336666666667,0.0419265,0.0249033333333333,0.0266745,0.033254,0.023358,0.0224701666666667,0.0204183333333333,0.0216098333333333,0.0194723333333333,0.0203285,0.0183286666666667,0.0145524333333333,0.0184486666666667,0.0167228333333333,0.0136335166666667,0.0116778666666667,0.0121429,0.0132136666666667,0.00978443333333333,0.0126066333333333,0.0132016166666667,0.0103220166666667,0.01275495,0.013472,0.0112440166666667
13.6129,5.3177,4.27985,3.72945,2.37101666666667,1.43888833333333,1.25340666666667,1.39603333333333,2.1469,1.44793333333333,0.757263333333333,0.433008333333333,0.291336666666667,0.308181666666667,0.241475,0.247735,0.199726666666667,0.15653,0.129789333333333,0.110260833333333,0.109897833333333,0.0988558333333333,0.0794893333333333,0.0764913333333333,0.0570676666666667,0.0586178333333333,0.0622108333333333,0.0476801666666667,0.0400083333333333,0.0378113333333333,0.0315535,0.0330378333333333,0.0285845,0.024187,0.0252011666666667,0.0209243333333333,0.0176443333333333,0.0199795,0.0189921666666667,0.0164698333333333,0.0142509166666667,0.0149068333333333,0.0137,0.0157233333333333,0.0146618333333333,0.0152571666666667,0.0137175,0.0124338333333333,0.0137626666666667,0.0127103666666667
21.8123333333333,10.18015,5.49078333333333,3.19661666666667,2.59763333333333,2.49266666666667,2.90808333333333,4.4691,7.45996666666667,3.56325,1.12111666666667,0.70777,1.137465,1.44726666666667,1.4224,0.946506666666667,0.840141666666667,0.876981666666667,0.827596666666667,0.699423333333333,0.528006666666667,0.37384,0.282223333333333,0.212708333333333,0.182078333333333,0.170698333333333,0.127836666666667,0.117053333333333,0.101472833333333,0.092409,0.0981693333333333,0.1194465,0.1021825,0.069675,0.0606161666666667,0.0467311666666667,0.0488495,0.0523641666666667,0.0424871666666667,0.0425753333333333,0.0406146666666667,0.0409551666666667,0.0395363333333333,0.0367691666666667,0.0355968333333333,0.032503,0.0304671666666667,0.031345,0.036254,0.0360891666666667
35.5055,14.4271666666667,6.63166666666667,3.79983333333333,2.92305,3.01625,3.55785,5.00698333333333,8.49826666666667,4.41353333333333,1.39346666666667,0.846191666666667,1.12198833333333,1.76296666666667,1.83671666666667,1.49658333333333,1.09401666666667,0.97425,0.867166666666667,0.717483333333333,0.693008333333333,0.595123333333333,0.363083333333333,0.253086666666667,0.24659,0.206633333333333,0.188765,0.162016666666667,0.134476666666667,0.109251833333333,0.0955933333333333,0.097748,0.104330333333333,0.083348,0.060388,0.0547715,0.0529621666666667,0.0580125,0.0478473333333333,0.0433575,0.0492205,0.0478248333333333,0.0442031666666667,0.0447085,0.0393816666666667,0.0398843333333333,0.03361,0.0307501666666667,0.0340668333333333,0.0334896666666667
20.1821666666667,8.75141666666667,5.73386666666667,15.1768333333333,16.5043333333333,2.99611666666667,1.85333333333333,2.73586666666667,3.69085,1.91613333333333,0.758566666666667,0.54009,0.493723333333333,0.54225,0.52516,0.402091666666667,0.337901666666667,0.300563333333333,0.287655,0.2367,0.215236666666667,0.202646666666667,0.174515,0.175471666666667,0.151896666666667,0.116997166666667,0.10738,0.0975955,0.087747,0.0950666666666667,0.119245333333333,0.1571355,0.1153515,0.0845821666666667,0.085288,0.0695561666666667,0.0550593333333333,0.0635265,0.0685965,0.0595471666666667,0.0518536666666667,0.0440001666666667,0.0448646666666667,0.0457508333333333,0.0437476666666667,0.037985,0.0391608333333333,0.0359906666666667,0.0325836666666667,0.0324916666666667
25.8518333333333,10.6085,5.4386,13.5531666666667,13.649,2.97356666666667,1.84238333333333,2.2095,2.85285,1.51116666666667,0.849656666666667,0.576301666666667,0.535068333333333,0.612931666666667,0.51056,0.421593333333333,0.372506666666667,0.370765,0.284165,0.220501666666667,0.25549,0.229873333333333,0.16876,0.148875,0.119181166666667,0.1039195,0.0890388333333333,0.0846775,0.0810295,0.0753451666666667,0.0685711666666667,0.103693833333333,0.078544,0.0534088333333333,0.0439035,0.041173,0.0448875,0.0435518333333333,0.0400695,0.031809,0.0359956666666667,0.0320048333333333,0.0334913333333333,0.0292083333333333,0.0287531666666667,0.0323805,0.0284903333333333,0.0286471666666667,0.0292905,0.0264076666666667
25.326,6.86305,3.44448333333333,2.13818333333333,1.91716666666667,1.15728333333333,1.18831666666667,1.2895,3.16635,6.4629,2.26616666666667,0.655485,0.398041666666667,0.340655,0.364173333333333,0.3112,0.19307,0.215453333333333,0.225051666666667,0.171251666666667,0.127103333333333,0.095338,0.111931666666667,0.10938,0.0918583333333333,0.0745126666666667,0.0828971666666667,0.0930898333333333,0.0910661666666667,0.0733885,0.0553405,0.0573538333333333,0.0590675,0.0556218333333333,0.0619571666666667,0.0591845,0.042328,0.0361798333333333,0.0410691666666667,0.0356018333333333,0.04444,0.0478023333333333,0.0401355,0.0330435,0.0324131666666667,0.0317318333333333,0.033458,0.0408145,0.03284,0.0295685
29.4393333333333,8.33746666666667,3.21791666666667,2.48368333333333,2.30086666666667,1.65358333333333,1.37906666666667,1.42151666666667,3.7863,7.2879,2.75633333333333,1.015625,0.62948,0.532058333333333,0.430318333333333,0.364956666666667,0.300906666666667,0.360701666666667,0.273391666666667,0.250401666666667,0.216971666666667,0.205378333333333,0.191395,0.13446,0.155651666666667,0.123865,0.114106,0.114853333333333,0.0993251666666667,0.0807231666666667,0.0678141666666667,0.0707658333333333,0.0705208333333333,0.0838928333333333,0.104355666666667,0.0878555,0.0697265,0.0665218333333333,0.0637461666666667,0.0573538333333333,0.0610746666666667,0.067109,0.0565236666666667,0.049764,0.0523226666666667,0.054165,0.0620256666666667,0.0481965,0.04745,0.0424776666666667
19.7555,7.89708333333333,3.80473333333333,2.97165,2.28573333333333,2.20891666666667,3.34455,6.4724,14.4648333333333,8.18473333333333,5.06626666666667,1.60521666666667,1.2242,1.21758166666667,1.46098333333333,1.50081666666667,1.64346666666667,1.93728333333333,2.50425,3.00173333333333,4.08706666666667,2.59398333333333,0.940915,0.407028333333333,0.267495,0.205455,0.170578333333333,0.12466,0.0942316666666667,0.0772701666666667,0.0822103333333333,0.0769641666666667,0.0658743333333333,0.0484608333333333,0.0487921666666667,0.0471943333333333,0.0417081666666667,0.043096,0.0421303333333333,0.0396873333333333,0.0388785,0.0391793333333333,0.0372713333333333,0.0336776666666667,0.0305726666666667,0.0250878333333333,0.0254665,0.0247365,0.0289898333333333,0.0279388333333333
17.4618333333333,7.0196,3.3349,2.79256666666667,2.10246666666667,2.34723333333333,2.94606666666667,5.48483333333333,11.9718166666667,5.80398333333333,2.98335,1.27065,0.878035,1.08192,1.37271833333333,1.20630833333333,1.3412,1.53798333333333,2.06516666666667,2.81385,2.49061666666667,1.40511666666667,0.591755,0.304175,0.174146666666667,0.107326,0.0918375,0.0715575,0.0587421666666667,0.0564521666666667,0.0595655,0.0532005,0.0415661666666667,0.0423295,0.0384836666666667,0.0315261666666667,0.0263198333333333,0.024072,0.023271,0.0234483333333333,0.0206353333333333,0.0205031666666667,0.0215913333333333,0.0217768333333333,0.0182035,0.0185213333333333,0.0179373333333333,0.0172341666666667,0.0170093333333333,0.0149261666666667
22.0034166666667,7.93803333333333,3.9247,2.55135,2.18503333333333,1.861,1.34116666666667,1.66801666666667,1.81886666666667,1.15275,0.600201666666667,0.380405,0.41077,0.38833,0.365201666666667,0.389106666666667,0.33725,0.300398333333333,0.286003333333333,0.217655,0.17748,0.170521666666667,0.155143333333333,0.127338333333333,0.116002666666667,0.105540166666667,0.0950968333333333,0.076206,0.0769675,0.0707125,0.0552946666666667,0.051372,0.0577058333333333,0.0603193333333333,0.0456616666666667,0.0467378333333333,0.0386395,0.0429828333333333,0.0567293333333333,0.0586468333333333,0.0411996666666667,0.0429421666666667,0.0432608333333333,0.0332931666666667,0.0409641666666667,0.0487118333333333,0.0445613333333333,0.038062,0.0282281666666667,0.0302233333333333
19.2153333333333,7.6171,3.96495,2.88303333333333,2.2566,1.59893333333333,1.5075,1.57101666666667,1.59088333333333,0.936668333333333,0.579831666666667,0.469298333333333,0.46434,0.400353333333333,0.35846,0.371365,0.36174,0.332701666666667,0.25922,0.22433,0.211126666666667,0.177916666666667,0.1450835,0.118857333333333,0.0909828333333333,0.0871703333333333,0.0756751666666667,0.070635,0.0636431666666667,0.0706883333333333,0.061129,0.0460748333333333,0.0476163333333333,0.060108,0.0517303333333333,0.0498711666666667,0.0464071666666667,0.0401315,0.0417561666666667,0.0421248333333333,0.0445403333333333,0.0380695,0.0310408333333333,0.030509,0.0440251666666667,0.0550213333333333,0.0523586666666667,0.02759,0.0292613333333333,0.0298808333333333
17.9367833333333,7.65506666666667,4.09015,3.20723333333333,2.6795,2.63913333333333,3.23551666666667,5.82226666666667,11.4125333333333,7.84883333333333,1.13325,0.447843333333333,0.39203,0.467446666666667,0.513626666666667,0.496818333333333,0.453481666666667,0.289351666666667,0.286646666666667,0.292548333333333,0.191283333333333,0.152128833333333,0.1289585,0.154788,0.142972666666667,0.121784,0.0951791666666667,0.0830108333333333,0.074623,0.0779865,0.0910316666666667,0.0769768333333333,0.0597368333333333,0.0589326666666667,0.0612441666666667,0.0589598333333333,0.0555756666666667,0.0547603333333333,0.0473745,0.0431955,0.0466015,0.0420216666666667,0.0379433333333333,0.0453368333333333,0.0420373333333333,0.0403501666666667,0.040942,0.0347636666666667,0.0389176666666667,0.0351216666666667
15.8113333333333,8.12171666666667,3.73171666666667,3.1142,2.13896666666667,2.37518333333333,3.05935,4.90078333333333,9.61151666666667,6.41795,0.969493333333333,0.33176,0.31043,0.407105,0.375075,0.352268333333333,0.269003333333333,0.229418333333333,0.212618333333333,0.200128333333333,0.15283,0.151328333333333,0.116230833333333,0.132550833333333,0.105960666666667,0.114425666666667,0.110332833333333,0.0849275,0.0778671666666667,0.0798568333333333,0.0810808333333333,0.0613703333333333,0.056351,0.0529405,0.0519058333333333,0.0431575,0.0421235,0.0354683333333333,0.0318026666666667,0.0288225,0.0301281666666667,0.0272135,0.028464,0.0328875,0.0350523333333333,0.0310523333333333,0.0250873333333333,0.0239043333333333,0.0272721666666667,0.0249396666666667
26.6468333333333,12.49695,6.2302,4.77545,4.63215,5.3198,5.0662,4.20375,4.9088,6.00323333333333,2.77115,2.3066,2.59346666666667,1.8696,1.67701666666667,1.33634333333333,0.949416666666667,1.06678833333333,1.79123333333333,2.12991666666667,1.80195,1.90825,1.90851666666667,1.41386666666667,1.01693,0.573885,0.423801666666667,0.335438333333333,0.269201666666667,0.200711666666667,0.172421666666667,0.16288,0.151510666666667,0.1374435,0.1298095,0.1034785,0.107147333333333,0.100679833333333,0.102937333333333,0.115276666666667,0.0865025,0.0851188333333333,0.0667496666666667,0.0675883333333333,0.0705666666666667,0.0753531666666667,0.0780731666666667,0.0842583333333333,0.0801058333333333,0.0691583333333333
21.4908333333333,10.25175,5.57571666666667,4.87271666666667,4.30148333333333,4.5065,3.90001666666667,3.93236666666667,4.22616666666667,5.76388333333333,3.59721666666667,2.48715,1.99248333333333,1.7719,1.38473333333333,1.24983333333333,1.06613833333333,1.21801666666667,1.49103333333333,1.8852,1.75055,1.7967,2.1077,1.77741666666667,1.40101666666667,0.68405,0.404615,0.271286666666667,0.20416,0.145125,0.127073333333333,0.116341166666667,0.103635666666667,0.0945563333333333,0.0866161666666667,0.087468,0.0643035,0.0606741666666667,0.058424,0.04563,0.0487701666666667,0.0534751666666667,0.0551841666666667,0.05058,0.0437501666666667,0.0468133333333333,0.0437335,0.0426833333333333,0.0497923333333333,0.0462411666666667
22.1956666666667,11.8228333333333,6.28821666666667,4.43381666666667,3.86451666666667,4.26423333333333,3.9145,4.66876666666667,10.6515666666667,8.33986666666667,2.53936666666667,1.14103333333333,1.12648333333333,1.17116666666667,0.961456666666667,0.908703333333333,0.78375,0.782011666666667,0.84186,0.798845,0.795478333333333,0.786063333333333,0.682643333333333,0.501486666666667,0.420511666666667,0.36096,0.36061,0.327586666666667,0.288836666666667,0.299861666666667,0.307748333333333,0.657911666666667,0.459356666666667,0.188547666666667,0.189936666666667,0.172568833333333,0.1535975,0.155429,0.133170166666667,0.1276445,0.153420833333333,0.149493833333333,0.151266833333333,0.162450666666667,0.121666,0.0994015,0.102008833333333,0.111046333333333,0.138599166666667,0.126605666666667
13.1993333333333,7.3793,4.06693333333333,3.31418333333333,2.70635,2.89246666666667,3.09691666666667,4.14183333333333,10.4996833333333,7.31525,1.88671666666667,0.96117,0.85508,0.86362,0.685106666666667,0.524811666666667,0.555045,0.57731,0.58878,0.540131666666667,0.439315,0.398788333333333,0.342733333333333,0.277843333333333,0.227868333333333,0.204931666666667,0.16856,0.168796666666667,0.154308333333333,0.146461666666667,0.168678333333333,0.285443333333333,0.386181666666667,0.159028333333333,0.0838566666666667,0.0672975,0.0617503333333333,0.062379,0.0607588333333333,0.0592686666666667,0.061053,0.053394,0.0462603333333333,0.0393846666666667,0.0390338333333333,0.0376713333333333,0.0427365,0.0417733333333333,0.0442628333333333,0.0438865
22.2786666666667,9.16966666666667,3.57971666666667,3.13438333333333,2.53898333333333,1.9273,1.67503333333333,1.77873333333333,3.01396666666667,7.7695,10.6359666666667,3.65913333333333,0.697785,0.533568333333333,0.437796666666667,0.392481666666667,0.412518333333333,0.43857,0.524393333333333,0.497176666666667,0.645553333333333,0.880825,0.69401,0.537998333333333,0.35835,0.218041666666667,0.152985,0.1182,0.124935,0.0931653333333333,0.0909733333333333,0.0909108333333333,0.0694128333333333,0.0616966666666667,0.0631885,0.0519891666666667,0.0473455,0.048331,0.0540868333333333,0.0477981666666667,0.0379316666666667,0.0335295,0.0437718333333333,0.0349278333333333,0.0259065,0.031534,0.0339466666666667,0.0406636666666667,0.0388228333333333,0.0320291666666667
22.55,9.07351666666667,4.00208333333333,3.16633333333333,2.45926666666667,1.92343333333333,1.5294,1.7972,3.28215,7.90066666666667,10.04685,2.65071666666667,0.819235,0.584238333333333,0.473561666666667,0.534043333333333,0.544098333333333,0.507621666666667,0.691,0.936768333333333,0.950368333333333,0.768391666666667,0.587548333333333,0.49007,0.325058333333333,0.160101666666667,0.123399833333333,0.120017666666667,0.0957556666666667,0.0868891666666667,0.106221,0.0789973333333333,0.0558683333333333,0.0528588333333333,0.0560435,0.0530075,0.0600268333333333,0.0542646666666667,0.0449635,0.0355398333333333,0.028521,0.0299821666666667,0.0306298333333333,0.0309086666666667,0.0288605,0.0284611666666667,0.023794,0.0253623333333333,0.0236903333333333,0.0217868333333333
51.074,15.135,7.1717,4.61915,3.30536666666667,2.59835,3.7572,8.01413333333333,7.38215,2.0101,0.757016666666667,0.639938333333333,0.603253333333333,0.59483,0.495216666666667,0.433305,0.451265,0.351115,0.299576666666667,0.322073333333333,0.310905,0.298938333333333,0.248546666666667,0.234856666666667,0.171226666666667,0.158891666666667,0.16105,0.122893333333333,0.0914881666666667,0.080662,0.0909696666666667,0.0874341666666667,0.0662143333333333,0.0507295,0.059148,0.0651006666666667,0.0639005,0.0493391666666667,0.0551663333333333,0.0643943333333333,0.0485833333333333,0.0399475,0.0408386666666667,0.0417995,0.0412666666666667,0.0367696666666667,0.0314553333333333,0.0392775,0.0350448333333333,0.0331583333333333
27.887,10.3626666666667,5.79715,4.9621,3.13488333333333,2.65451666666667,3.22418333333333,7.05828333333333,8.16841666666667,1.98555,0.75756,0.584378333333333,0.507501666666667,0.488081666666667,0.582785,0.501463333333333,0.46677,0.41458,0.318,0.37598,0.332271666666667,0.298665,0.294451666666667,0.227658333333333,0.218371666666667,0.198518333333333,0.161733666666667,0.137313333333333,0.100389333333333,0.0897938333333333,0.103071166666667,0.0851691666666667,0.0723235,0.069245,0.0617496666666667,0.0527918333333333,0.0515528333333333,0.054291,0.0552825,0.0551756666666667,0.0533003333333333,0.0413815,0.0395543333333333,0.0383546666666667,0.0429225,0.0420356666666667,0.0370256666666667,0.0379591666666667,0.048043,0.0433176666666667
19.0938333333333,6.82723333333333,3.01521666666667,2.05691666666667,1.5837,1.8029,1.60578333333333,1.3168,1.2797,2.22711666666667,3.54768333333333,1.89855,0.844616666666667,0.713688333333333,0.808336666666667,0.664095,0.59757,0.643871666666667,0.58847,0.446065,0.40617,0.34147,0.25039,0.223243333333333,0.229988333333333,0.221345,0.166333833333333,0.129692333333333,0.120080166666667,0.099034,0.094442,0.0931238333333333,0.0802973333333333,0.129462,0.157562333333333,0.138549666666667,0.127608333333333,0.1049415,0.123257833333333,0.241586166666667,0.393998333333333,0.457101666666667,0.328642666666667,0.12504,0.0456908333333333,0.0719473333333333,0.0758395,0.0558843333333333,0.0679383333333333,0.0943388333333333
29.1545,7.6388,4.13353333333333,3.23085,2.53933333333333,2.02956666666667,2.6037,1.93788333333333,1.4813,2.48535,4.81685,2.864,1.4266,1.10584333333333,1.05018833333333,0.823196666666667,0.739378333333333,0.781456666666667,0.815256666666667,0.632596666666667,0.512503333333333,0.474723333333333,0.314896666666667,0.270796666666667,0.243893333333333,0.202513333333333,0.161121666666667,0.162041666666667,0.167965,0.151801666666667,0.121848833333333,0.0882568333333333,0.0876241666666667,0.0941431666666667,0.0901341666666667,0.0642753333333333,0.059059,0.0584456666666667,0.0611186666666667,0.0833425,0.105765666666667,0.0998453333333333,0.0647665,0.0821241666666667,0.0662375,0.0648723333333333,0.0740568333333333,0.0487566666666667,0.0630231666666667,0.0733676666666667
23.4281666666667,7.54046666666667,3.69171666666667,2.99876666666667,3.47705,3.25056666666667,2.41893333333333,3.41336666666667,5.3966,3.4229,1.88605,0.814748333333333,0.51302,0.587398333333333,0.5724,0.52432,0.453863333333333,0.319835,0.399766666666667,0.595773333333333,0.5115,0.290053333333333,0.324795,0.240016666666667,0.175296666666667,0.13696,0.156688333333333,0.12833,0.148205,0.176721666666667,0.181296666666667,0.125614333333333,0.0840135,0.0563926666666667,0.0486716666666667,0.0619363333333333,0.058805,0.0459686666666667,0.0497456666666667,0.0517873333333333,0.0467001666666667,0.0405895,0.0360825,0.033688,0.037682,0.0276566666666667,0.0280388333333333,0.038532,0.03859,0.0302831666666667
22.274,9.55616666666667,4.77133333333333,3.30588333333333,3.20816666666667,3.74958333333333,2.95075,3.81495,4.7342,2.9981,1.59896666666667,0.871116666666667,0.844921666666667,0.736446666666667,0.664941666666667,0.604991666666667,0.557836666666667,0.452321666666667,0.492246666666667,0.550546666666667,0.645391666666667,0.481436666666667,0.541226666666667,0.435011666666667,0.282965,0.23617,0.190183333333333,0.115574833333333,0.13806,0.211876666666667,0.19601,0.107171833333333,0.092542,0.0554413333333333,0.0507028333333333,0.0592381666666667,0.0534525,0.0501345,0.0450366666666667,0.0514056666666667,0.0386138333333333,0.0382668333333333,0.0378458333333333,0.0299533333333333,0.032508,0.0365116666666667,0.0373371666666667,0.0336331666666667,0.0330336666666667,0.0295323333333333
10.9898833333333,4.97476666666667,2.2145,1.60258333333333,1.29528333333333,1.136345,1.14560833333333,1.38928333333333,1.73345,1.58248333333333,2.24236666666667,2.35783333333333,0.985801666666667,0.491103333333333,0.395438333333333,0.349161666666667,0.251108333333333,0.19263,0.15566,0.145383333333333,0.175723333333333,0.164391666666667,0.1506915,0.118408,0.0989398333333333,0.0780693333333333,0.0727411666666667,0.066781,0.0685421666666667,0.0578601666666667,0.0647303333333333,0.0758621666666667,0.0604991666666667,0.0431548333333333,0.0351575,0.032961,0.0295338333333333,0.0329755,0.0295878333333333,0.0268381666666667,0.0279085,0.0245265,0.0204615,0.0202875,0.0204632,0.0208734833333333,0.0183892833333333,0.0187140166666667,0.0167633333333333,0.0166032666666667
13.1821,4.77501666666667,2.62628333333333,1.76308333333333,1.43932666666667,1.36085166666667,1.49185333333333,1.32853166666667,1.429465,1.317045,1.60862833333333,1.75553333333333,0.86285,0.676695,0.52811,0.396526666666667,0.298941666666667,0.226655,0.185873333333333,0.17321,0.189356666666667,0.175411666666667,0.176228333333333,0.140833833333333,0.11713,0.110910833333333,0.0925056666666667,0.0647825,0.0568191666666667,0.0530711666666667,0.059428,0.0892501666666667,0.0951726666666667,0.0553931666666667,0.036715,0.0328148333333333,0.0261905,0.0271471666666667,0.0275003333333333,0.0253086666666667,0.0263255,0.023517,0.0212305,0.0240923333333333,0.023154,0.0219291666666667,0.0180568333333333,0.0178331166666667,0.0199144,0.0175953333333333
