"ID","1","1.5","2","2.5","3","3.5","4","4.5","5","5.5","6","6.5","7","7.5","8","8.5","9","9.5","10","10.5","11","11.5","12","12.5","13","13.5","14","14.5","15","15.5","16","16.5","17","17.5","18","18.5","19","19.5","20","20.5","21","21.5","22","22.5","23","23.5","24","24.5","25","25.5","26","26.5","27","27.5","28","28.5","29","29.5","30","30.5","31","31.5","32","32.5","33","33.5","34","34.5","35","35.5","36","36.5","37","37.5","38","38.5","39","39.5","40","40.5","41","41.5","42","42.5","43","43.5","44","44.5","45","45.5","46","46.5","47","47.5","48","48.5","49","49.5","50"
201,37.7404921875,21.7454203125,13.1751734375,9.25225625,7.19992578125,6.5054515625,6.35141796875,6.17643203125,5.46440078125,4.793496875,4.80911796875,4.86018203125,5.25453984375,6.695534375,7.81431953125,7.81261015625,7.36217578125,10.45361015625,25.4884171875,24.0129390625,6.6784034375,2.85477796875,2.27794234375,2.064573828125,1.84935484375,1.581349375,1.516231796875,1.640939296875,1.588520703125,1.451935078125,1.34579609375,1.1742134375,1.060320859375,1.003205703125,1.00769578125,0.944570078125,0.8523403125,0.810160078125,0.807382578125,0.808642265625,0.692420625,0.5741846875,0.5089940625,0.453530703125,0.43679546875,0.387898203125,0.33901953125,0.333333359375,0.320194453125,0.305810859375,0.29633578125,0.286219140625,0.26087515625,0.2251156953125,0.2285168359375,0.254008609375,0.2500164765625,0.2379852578125,0.247591953125,0.239816125,0.259546546875,0.347439390625,0.4871226015625,0.5303813046875,0.404052109375,0.305412078125,0.23037559375,0.2079385234375,0.1733536796875,0.1649178984375,0.1637140703125,0.1458636171875,0.1557011328125,0.1464435546875,0.162172640625,0.165801203125,0.1585683984375,0.1562520703125,0.146067125,0.1393941953125,0.1413944140625,0.1402079765625,0.1477397734375,0.1706140625,0.165330828125,0.139761640625,0.144659203125,0.1483769296875,0.1572414609375,0.1593273359375,0.1409003203125,0.1316089296875,0.1386556796875,0.1275194453125,0.1364063984375,0.1577151640625,0.15006696875,0.1389017734375,0.1440723359375
202,27.41116484375,12.81920546875,6.6929203125,4.474003125,3.100109921875,2.3575328125,2.29157578125,2.07943921875,1.871053515625,1.87067828125,1.6509790625,1.5420409375,1.61454546875,1.981203203125,2.13818859375,3.56035953125,13.3090984375,25.09682890625,16.23828046875,6.32377109375,3.0648215625,1.6676209375,0.98237015625,0.636701328125,0.486303203125,0.446508515625,0.430578125,0.413362578125,0.3950759375,0.389091953125,0.349334375,0.349566953125,0.375126484375,0.4255953125,0.509746796875,0.62792546875,0.65205171875,0.56948890625,0.522510703125,0.39986359375,0.321833125,0.233276796875,0.217338546875,0.18984659375,0.1768457265625,0.1627592578125,0.151980328125,0.1450728359375,0.126540734375,0.1206089375,0.1210994453125,0.119650640625,0.1189259296875,0.1226600078125,0.1292069609375,0.120894875,0.1138128046875,0.1129725078125,0.1078173984375,0.108219203125,0.1158770390625,0.1323466953125,0.148575296875,0.1478063125,0.1173432265625,0.100991078125,0.0883901640625,0.0728183984375,0.0701400703125,0.068899109375,0.0667849609375,0.0655625703125,0.0611961171875,0.0617066953125,0.0646745859375,0.0659150078125,0.0642325625,0.0646514296875,0.059808234375,0.0655373046875,0.0663742734375,0.0622588515625,0.0628380390625,0.06389059375,0.0644091640625,0.063803890625,0.062414265625,0.059005703125,0.0581784453125,0.0579618515625,0.053018634375,0.0584157265625,0.0697549140625,0.070914390625,0.0680999765625,0.0612229140625,0.0575969609375,0.0599642578125,0.0597825078125
203,32.22599609375,22.0393390625,15.2937515625,11.2604046875,8.2257796875,6.54603125,5.78152734375,6.08180078125,6.05315,5.03421484375,5.21358828125,6.4714578125,7.66708359375,9.31018671875,17.63682109375,35.06993125,36.6806546875,46.32076796875,30.3832296875,15.4446484375,7.11474140625,2.530580234375,1.664399375,1.2797103125,1.22350796875,1.14156515625,1.12843828125,0.97850890625,0.96573921875,0.966604296875,0.868317265625,0.86930828125,0.883677109375,0.8043596875,0.735693359375,0.7253265625,0.76753359375,0.73061625,0.661731875,0.642040546875,0.567285859375,0.49829921875,0.375855625,0.3053679453125,0.2831224375,0.2563765703125,0.23403103125,0.2121461171875,0.1948981875,0.1865760859375,0.1729013515625,0.1662770078125,0.1536947265625,0.1448807421875,0.12927653125,0.121560234375,0.13109809375,0.13431271875,0.13201190625,0.1248711796875,0.1300687578125,0.1779647265625,0.2154767421875,0.2494141015625,0.2302015390625,0.1662701953125,0.1122029765625,0.079350703125,0.0697992109375,0.0679854140625,0.0605958828125,0.051695671875,0.0499816640625,0.0543365,0.049970078125,0.047335125,0.04479481484375,0.0446304765625,0.0444802109375,0.0466683203125,0.044474240625,0.0415689296875,0.0424208984375,0.0414731015625,0.04006196015625,0.03772386171875,0.03520413671875,0.03439026484375,0.0333157390625,0.0341332421875,0.0339874609375,0.034362728125,0.03315920078125,0.0324511921875,0.030863940625,0.03078881640625,0.03056710625,0.03132955390625,0.03019090859375
204,22.648609375,11.37799609375,6.59344609375,4.45165234375,3.2653328125,2.60979453125,2.556621875,2.28227578125,1.92124140625,1.721941328125,1.8716359375,1.922345546875,1.725631953125,1.49824703125,1.20520796875,1.050599921875,0.976493125,0.892368671875,0.842881875,0.933877109375,1.39964765625,2.582555390625,3.3310765625,2.200995859375,1.194604296875,0.879703046875,0.71401953125,0.704027578125,0.62217140625,0.623212578125,0.632238046875,0.573200234375,0.52013109375,0.428965234375,0.3879984375,0.39414703125,0.385443359375,0.343866171875,0.33585,0.350259453125,0.3515953125,0.37683421875,0.40287484375,0.405169140625,0.379783359375,0.3104203125,0.2929003125,0.272090703125,0.242740859375,0.2226026875,0.2115680703125,0.1921641484375,0.1828248671875,0.173176203125,0.167322640625,0.1698745,0.1787318671875,0.1682005234375,0.1705972734375,0.1676758046875,0.144975703125,0.15547084375,0.1858256171875,0.1797521640625,0.1761290859375,0.1534378515625,0.1452467109375,0.144974125,0.1371286796875,0.1366943515625,0.1456336171875,0.1335912421875,0.1239186875,0.1307828125,0.1360758984375,0.1203120625,0.120345,0.1163266328125,0.11631346875,0.1261598828125,0.137348609375,0.1302002421875,0.1271408203125,0.11253503125,0.1131741171875,0.113965015625,0.1220327265625,0.1316938515625,0.1297495234375,0.13604803125,0.135059578125,0.138796171875,0.1717974921875,0.15740171875,0.1448334921875,0.164941453125,0.129702828125,0.1213003125,0.145860609375
205,31.950265625,16.623646875,9.49133125,7.12818671875,5.772975,4.8860515625,4.15180703125,3.43527109375,3.15737421875,2.93087140625,2.856339140625,2.835157265625,2.9092875,3.69151328125,5.526590625,8.85509140625,14.112021875,14.56453046875,7.26461015625,2.706645703125,1.580561953125,1.12799390625,1.016935546875,0.8802490625,0.752655234375,0.730175234375,0.78235796875,0.724538515625,0.668473359375,0.63621125,0.567727890625,0.496892734375,0.5176115625,0.488241171875,0.523346171875,0.454323125,0.45638359375,0.45168671875,0.4370584375,0.422616015625,0.397623125,0.3717990625,0.30345078125,0.272735546875,0.25440375,0.22962734375,0.197557890625,0.181241859375,0.1715284453125,0.1640545390625,0.16376109375,0.1516002734375,0.145059171875,0.1398853046875,0.1343190859375,0.1313601953125,0.1311634765625,0.1334005703125,0.13470953125,0.1327715625,0.1272616640625,0.115217359375,0.1090430078125,0.1013417734375,0.0997011328125,0.0953416328125,0.093712796875,0.092714171875,0.0977752578125,0.1002758984375,0.094627296875,0.085414828125,0.0896143828125,0.0940531015625,0.0914378203125,0.0883991953125,0.0896727578125,0.093874015625,0.0927849296875,0.0890985703125,0.08950684375,0.08804865625,0.0755243046875,0.07614728125,0.0810422734375,0.0763941953125,0.0747320703125,0.0786866171875,0.0810196328125,0.0804471015625,0.0797543515625,0.07823934375,0.0749454296875,0.07602903125,0.0771474609375,0.07378871875,0.079037078125,0.0839465078125,0.08258675
207,25.3618125,11.77579765625,8.12247578125,5.0931234375,4.110365625,3.7992640625,3.834893046875,3.75581953125,2.695681796875,2.132725390625,1.975091328125,2.044271640625,2.242875390625,2.066608828125,2.38321390625,3.619535,6.1324375,7.1798765625,10.2840578125,8.71386015625,4.12537171875,1.697688984375,1.132436796875,0.917909921875,0.835599453125,0.76579046875,0.815252734375,0.70994109375,0.67112015625,0.6031440625,0.658461953125,0.61752671875,0.60021734375,0.6380446875,0.620768828125,0.676298359375,0.719572109375,0.79090109375,0.72659015625,0.69101546875,0.622649140625,0.53837203125,0.508533359375,0.471615234375,0.413372421875,0.375803984375,0.3406921875,0.31058765625,0.2887034375,0.260264375,0.2226678515625,0.206962359375,0.20402153125,0.192008234375,0.2058308046875,0.1910169765625,0.182636109375,0.185067125,0.1805751640625,0.1810106796875,0.1784172265625,0.172965203125,0.171597796875,0.18430190625,0.1831872578125,0.1779263515625,0.151641359375,0.1450763125,0.1414811796875,0.1390025703125,0.1383445234375,0.123117171875,0.11934615625,0.110389421875,0.1062213515625,0.1132977109375,0.1224311015625,0.118734734375,0.114974625,0.107020296875,0.10349759375,0.099221296875,0.09570275,0.0933044140625,0.086606375,0.099293828125,0.10328134375,0.1103311953125,0.11511740625,0.1086747421875,0.093201921875,0.0880014296875,0.0885316953125,0.093627234375,0.0870224296875,0.0841154921875,0.088400140625,0.0846223671875,0.082450921875
209,17.417340625,10.61615,7.5725203125,5.40851953125,4.6086665625,3.657091640625,3.7776171875,3.39365625,2.897030859375,2.651999296875,2.519158046875,2.28110234375,2.57780046875,3.12385625,4.1985859375,6.07260546875,8.0986265625,11.9701828125,7.8946640625,3.351069921875,1.756150390625,1.20484734375,0.8473371875,0.6957034375,0.64569390625,0.652402890625,0.631596875,0.6315859375,0.683275234375,0.695104609375,0.7115490625,0.6384175,0.499757890625,0.48695921875,0.480200703125,0.471414140625,0.407520234375,0.39294640625,0.34295046875,0.320784375,0.307183828125,0.284823203125,0.2526078125,0.257336328125,0.22824353125,0.2072619453125,0.2109752109375,0.1828833359375,0.174068375,0.1744241015625,0.1603451171875,0.1429861484375,0.1329306015625,0.1284138203125,0.1307025234375,0.12036665625,0.110049828125,0.1063411875,0.1002544140625,0.1066390234375,0.1144589609375,0.09999965625,0.09256390625,0.090262078125,0.083408125,0.083546125,0.0804120703125,0.0792748203125,0.0785252421875,0.0799346640625,0.0830074609375,0.084541546875,0.0799920625,0.069809390625,0.0742822890625,0.0795141484375,0.073380359375,0.0686652265625,0.06919928125,0.0743863828125,0.07206321875,0.0685218359375,0.07412809375,0.07444496875,0.0784371484375,0.0705418046875,0.07258753125,0.07139459375,0.06690846875,0.0633638828125,0.0646876640625,0.06318015625,0.0615326953125,0.063743734375,0.0734445234375,0.0739749375,0.0750741953125,0.0637511015625,0.063851625
211,29.22412734375,15.58384609375,9.81751953125,6.87576015625,5.35575390625,4.86188515625,4.57172109375,4.99653125,4.98067890625,4.29260703125,3.92940703125,4.03704921875,4.34304609375,4.802671875,5.90377109375,7.78645625,7.401740625,6.71301015625,7.28985703125,10.68641171875,6.42051171875,2.201211328125,1.449037890625,1.20998765625,1.1472121875,1.227975625,1.054402734375,0.823502890625,0.7375571875,0.702123125,0.673152734375,0.580899296875,0.50280453125,0.482299375,0.411414609375,0.40636221875,0.39448421875,0.3926025,0.3270385546875,0.290913125,0.2698044921875,0.23406615625,0.212375984375,0.203670921875,0.19543109375,0.1798126796875,0.176624765625,0.1748316796875,0.1697745234375,0.157687203125,0.158955625,0.158863234375,0.1483785390625,0.1311555234375,0.1286207734375,0.1356336875,0.1341094140625,0.134516859375,0.142103609375,0.1693840625,0.16649475,0.1509586171875,0.137967359375,0.1137102109375,0.0999568359375,0.10365603125,0.10662403125,0.1064391953125,0.10393634375,0.10658584375,0.1052651171875,0.1007938125,0.104937640625,0.1187811953125,0.1130946015625,0.0920458046875,0.0964241328125,0.0981229765625,0.0945211171875,0.0992385703125,0.1313949375,0.138054578125,0.0961608125,0.0784715859375,0.085512484375,0.0896340703125,0.0843708828125,0.1160681328125,0.1182383828125,0.0889395546875,0.0936720625,0.087079203125,0.0855804375,0.0757427890625,0.0703582734375,0.0964995390625,0.131452640625,0.105518234375,0.0741430546875
214,19.12768671875,9.5252390625,5.06219453125,2.965271328125,2.33947859375,2.017449921875,1.730258828125,1.763340234375,2.0518209375,1.482461484375,1.155428046875,1.277493515625,1.596106953125,1.760007265625,2.382274453125,3.9632353125,7.39366328125,8.9088296875,8.70702109375,5.7318046875,3.334520625,1.539413203125,1.02395609375,0.88343828125,0.8006309375,0.92800203125,0.894794375,0.78267859375,0.68044875,0.641059609375,0.570844140625,0.510004296875,0.53490359375,0.563,0.583730390625,0.60951703125,0.61094484375,0.557236875,0.477613203125,0.406225546875,0.39352671875,0.40197109375,0.3608778125,0.28527815625,0.254423390625,0.237315390625,0.197103140625,0.172037421875,0.17919175,0.1688105703125,0.1603573046875,0.1530961640625,0.1428154296875,0.1399443125,0.1421291171875,0.1468396796875,0.1408515703125,0.1320783984375,0.1150923984375,0.1003315703125,0.1098534453125,0.1091684765625,0.1054484296875,0.1311525234375,0.1442830078125,0.1136789921875,0.1055004453125,0.0910883359375,0.07688603125,0.076723921875,0.0733801484375,0.0759572578125,0.0779566171875,0.0779651796875,0.0823063203125,0.0758089140625,0.069665453125,0.07150696875,0.0667160390625,0.063036796875,0.0752312265625,0.069116484375,0.060400203125,0.0612265859375,0.0629760625,0.0662872109375,0.066234825,0.0630861875,0.0626218046875,0.06112532734375,0.06100588828125,0.0616111140625,0.0636799375,0.06061377421875,0.05600340703125,0.05690090625,0.0636528984375,0.062665921875,0.063085078125
215,22.51251640625,13.50565078125,7.615446875,4.65783984375,3.51307265625,3.26081796875,3.0784671875,2.6534859375,2.466307578125,1.99694546875,1.48775984375,1.367788984375,1.489465234375,1.65396578125,1.656464765625,1.81555609375,2.64461984375,4.63053046875,16.64774609375,27.3984375,11.1450203125,4.40724765625,2.4968959375,1.362234296875,0.99189375,0.91650953125,0.826996328125,0.718689921875,0.693159921875,0.6508953125,0.61046953125,0.53374859375,0.531383828125,0.46117359375,0.4309321875,0.489513984375,0.444018359375,0.49237953125,0.556409765625,0.600725859375,0.540368984375,0.474949765625,0.4144109375,0.364006953125,0.3425825,0.2987009375,0.278098125,0.272341125,0.27267440625,0.2462668203125,0.2114081484375,0.1888032734375,0.1920788984375,0.19918140625,0.192165390625,0.1749751640625,0.1843102890625,0.1862943359375,0.184824828125,0.1790067578125,0.176196375,0.1703896171875,0.1621651484375,0.173498453125,0.2010117109375,0.1846482890625,0.15191884375,0.1431901875,0.1525663125,0.1760990625,0.16788728125,0.1644791953125,0.15793496875,0.153502640625,0.1489631953125,0.151119734375,0.1718385546875,0.1561560078125,0.134848796875,0.1412441171875,0.14212603125,0.14093275,0.1436679609375,0.1379766796875,0.138994515625,0.145692703125,0.15017546875,0.1509792421875,0.13255584375,0.1284860078125,0.1408407265625,0.1520361875,0.1467234609375,0.1511166484375,0.1620649140625,0.1431678125,0.1494020703125,0.144004234375,0.123671390625
216,46.5804453125,26.87332265625,14.9779265625,7.98419140625,5.3065734375,4.7333265625,5.38833359375,5.307559375,4.07016015625,3.62741796875,2.89660234375,3.04762890625,4.482346875,5.87661953125,6.310984375,8.896915625,12.20739765625,16.88445234375,36.812453125,71.74353515625,21.97473671875,5.18484765625,3.76001640625,3.32698046875,2.3250703125,1.93001984375,1.62955921875,1.679075234375,1.79267125,1.8528684375,1.9730940625,1.784916484375,1.393615546875,1.30989625,1.146376796875,0.91686125,1.036866796875,1.01840796875,0.955104296875,0.98459140625,1.05322015625,0.606069609375,0.393605234375,0.352962109375,0.3468246875,0.2789234375,0.252486484375,0.236957734375,0.228471484375,0.23215625,0.203906796875,0.192549921875,0.19961775,0.170650171875,0.17257778125,0.16576975,0.158244828125,0.1600048046875,0.14766021875,0.1503684921875,0.1630641171875,0.17031903125,0.14318265625,0.137995125,0.1320558671875,0.1099245859375,0.106680796875,0.1019100546875,0.103933015625,0.1038057421875,0.1036998359375,0.09378215625,0.08739184375,0.0845888515625,0.0909542265625,0.0987071875,0.0920354140625,0.0855663515625,0.0915980703125,0.0809003359375,0.0837552421875,0.0841344765625,0.0984404296875,0.0893449140625,0.0731035546875,0.0793505859375,0.08325828125,0.082153359375,0.0853584921875,0.0878965078125,0.090715390625,0.0921169296875,0.08617121875,0.0728201328125,0.0708525390625,0.078254828125,0.0812425546875,0.0722589375,0.0673369140625
217,19.5451390625,10.3278046875,6.27702578125,4.21819921875,3.4265421875,3.042633828125,3.64351140625,5.919726015625,6.139478671875,4.131574609375,3.116609296875,2.632061875,3.107792734375,4.45648671875,8.56942890625,16.814003125,18.93257734375,13.18070078125,10.331790625,4.80672171875,2.239598984375,1.776220546875,1.349647109375,0.93393859375,0.924836953125,0.72382109375,0.61258546875,0.681145546875,0.68103703125,0.61404875,0.596364765625,0.5907596875,0.753706953125,0.834255546875,0.809456796875,0.721812890625,0.584502578125,0.610411484375,0.5115759375,0.3362971953125,0.264835140625,0.236328828125,0.2287324921875,0.2104835625,0.1608860078125,0.141576484375,0.1603281328125,0.1486775,0.145322,0.1445466875,0.1403391328125,0.1559319609375,0.1399143515625,0.1200210703125,0.107956171875,0.1093597109375,0.10268025,0.1030849296875,0.1023290390625,0.0953475546875,0.0937130703125,0.0890935546875,0.0881889375,0.0983082890625,0.0918482734375,0.0842709375,0.0811915546875,0.077371859375,0.071738453125,0.0699176171875,0.0699620859375,0.06820428125,0.0736533359375,0.072948234375,0.0806077109375,0.0976758046875,0.11146859375,0.113609734375,0.1134415078125,0.1058010859375,0.0957410234375,0.080538484375,0.081885234375,0.0848905,0.0796493984375,0.0840905859375,0.0836849609375,0.092731328125,0.1194302109375,0.1356364296875,0.1166755546875,0.083702421875,0.0748017265625,0.0833824296875,0.1016566328125,0.11329571875,0.11017421875,0.0890819765625,0.0692598828125
222,14.6897546875,7.31292265625,3.54537890625,2.43296328125,2.09118671875,1.487785625,1.396200546875,1.536065234375,1.36603578125,1.346678671875,1.278493203125,1.234902578125,1.319471640625,1.5935571875,2.23481171875,4.3486875,5.84097578125,5.57758125,4.3853453125,2.12472875,1.010576953125,0.614282421875,0.4978375,0.47878609375,0.44784125,0.404829609375,0.375599375,0.3969696875,0.393611015625,0.35951109375,0.3581384375,0.349433203125,0.349968046875,0.349886328125,0.2988571875,0.266070234375,0.254422890625,0.277043125,0.2306815625,0.197280546875,0.166721921875,0.1464419296875,0.145393984375,0.135679234375,0.1272589921875,0.12407821875,0.1261652890625,0.119078265625,0.1113889375,0.11505125,0.10271421875,0.0997705703125,0.098957015625,0.0971090546875,0.0970325234375,0.0940030078125,0.0913967265625,0.088167578125,0.0870065,0.096034203125,0.1022942890625,0.106458875,0.1049008671875,0.0906297265625,0.07786028125,0.06950465625,0.062509078125,0.0658431953125,0.06691575,0.0595071015625,0.05515996875,0.0533952734375,0.05709871875,0.0591724609375,0.05391746875,0.054429484375,0.049682,0.0491387421875,0.052260296875,0.0504296875,0.0477184765625,0.048462359375,0.048013984375,0.047180234375,0.047263671875,0.04840903125,0.0455755078125,0.0435849765625,0.0455812421875,0.0451359140625,0.0431233203125,0.042952609375,0.044118921875,0.0451270546875,0.0440000390625,0.0432284296875,0.0460864765625,0.0438991171875,0.0426054921875
224,16.6438484375,10.3933765625,6.553221875,5.1290265625,4.4118546875,3.96253046875,3.30405078125,2.9522265625,2.681933359375,2.3753478125,2.266616484375,2.360409375,2.66857609375,3.39966125,4.24472890625,5.37042171875,10.2742546875,18.537928125,16.05278046875,8.82436765625,3.901806484375,1.6163621875,0.988161640625,0.731665078125,0.679538203125,0.5891240625,0.61273140625,0.555220390625,0.55175375,0.54904421875,0.55845109375,0.62353375,0.57552890625,0.599952109375,0.683806171875,0.74661359375,0.801475859375,0.7761134375,0.6400071875,0.527848046875,0.4730734375,0.439938203125,0.405911796875,0.374653125,0.357280078125,0.353565390625,0.342985234375,0.334098828125,0.3097245625,0.303077734375,0.29428765625,0.2800765234375,0.2824686328125,0.287399484375,0.26506675,0.2572076953125,0.246776796875,0.2467452109375,0.2274362109375,0.227125375,0.2150098671875,0.213747578125,0.219831421875,0.2138892734375,0.20228721875,0.1990549453125,0.2110570078125,0.21379775,0.214418203125,0.1948430859375,0.195877234375,0.2036037421875,0.1985236171875,0.2138098984375,0.1941404375,0.183677421875,0.1858544140625,0.18408496875,0.173309875,0.1743128125,0.181709328125,0.1848729140625,0.186735578125,0.20147240625,0.1953283984375,0.18199075,0.1923402578125,0.170972875,0.174705203125,0.1722790625,0.1601453515625,0.15048875,0.172874140625,0.18388015625,0.1799250859375,0.16779059375,0.1649374453125,0.16008821875,0.181766875
225,54.0165546875,31.88859375,18.34879296875,11.52140546875,9.48117265625,8.61537890625,7.611396875,6.08726640625,4.7730125,4.63759921875,5.21230234375,6.541284375,6.51692421875,6.47133984375,6.92740703125,6.64015859375,7.84597734375,11.26550625,14.91973125,9.94658359375,5.21742265625,4.01944609375,4.22470625,3.652805234375,2.824373125,2.713271953125,2.495117890625,1.904596875,1.421235234375,1.12684046875,0.9514475,0.940455546875,0.864122578125,0.781599453125,0.644399140625,0.66152890625,0.61538375,0.593571796875,0.619535546875,0.597135546875,0.571274296875,0.51387640625,0.460663203125,0.467812109375,0.42867625,0.392362890625,0.374432890625,0.32050296875,0.2780775,0.253100078125,0.2245647109375,0.2081236015625,0.20345515625,0.2055101953125,0.2048053203125,0.193078828125,0.184918515625,0.1709475703125,0.1505165078125,0.1420281875,0.137985859375,0.143976359375,0.1433503515625,0.1259729453125,0.1077941875,0.1081734609375,0.118805734375,0.1066693203125,0.1028842734375,0.097521296875,0.093561640625,0.0962383828125,0.0968485078125,0.10710446875,0.1200207734375,0.1159888828125,0.1089227734375,0.1155123671875,0.099962765625,0.0807082265625,0.0782406328125,0.0803815390625,0.08331646875,0.10603784375,0.1187745390625,0.104689703125,0.09640834375,0.097076203125,0.0983211171875,0.0848133515625,0.0787779140625,0.08402334375,0.1013320390625,0.08942121875,0.0765687421875,0.079076984375,0.07653665625,0.0766721015625,0.0819096640625
226,33.36371875,15.16395234375,12.5976734375,19.57644609375,12.87624921875,6.19649921875,5.359015625,5.018925,6.1304234375,5.519653125,3.47742421875,3.62691875,4.0247875,6.1713765625,9.20340546875,5.86228515625,4.00930890625,5.625653125,21.0299953125,47.50475546875,22.1499765625,3.409021015625,1.3721840625,1.012303828125,0.981956484375,0.918939453125,0.606433984375,0.58703,0.598064140625,0.6189184375,0.599532109375,0.5794278125,0.6181146875,0.66613796875,0.65901578125,0.86998296875,0.836763125,0.7117028125,0.73294234375,0.777515,0.8643965625,0.7898128125,0.509294765625,0.445574921875,0.43376140625,0.41410265625,0.385393515625,0.35294078125,0.341724765625,0.330700234375,0.339478984375,0.3246179765625,0.2942508515625,0.3070556015625,0.308773515625,0.335850625,0.31814025,0.323883828125,0.3133908828125,0.2699773125,0.311624359375,0.3235708046875,0.277300609375,0.24454075,0.2542201171875,0.2665938125,0.2503566796875,0.2682583828125,0.2736254609375,0.2448189140625,0.2482829140625,0.2275286171875,0.22977896875,0.243345203125,0.2544109375,0.247315484375,0.2344021640625,0.265957265625,0.272186515625,0.26357140625,0.249694203125,0.23837015625,0.2419360703125,0.287017078125,0.27863,0.2499954296875,0.2146183984375,0.1993982734375,0.260401734375,0.2999553046875,0.3587142109375,0.3502335,0.33527784375,0.3080886484375,0.30569396875,0.2928156953125,0.272494578125,0.265673609375,0.242495578125
228,22.696234375,11.78848671875,6.08120625,4.1479921875,2.86641796875,2.182133203125,2.23028203125,1.83697390625,1.671028671875,1.624014296875,1.341745,1.313563046875,1.296222890625,1.35716453125,1.543435234375,1.532932734375,1.85157765625,2.849556953125,4.44400234375,4.76990546875,2.3812959375,1.019346171875,0.586183046875,0.439387109375,0.351721953125,0.30561140625,0.29264684375,0.2699125,0.295267734375,0.3134424453125,0.30877296875,0.2928984375,0.295567109375,0.296699453125,0.29515796875,0.2938214609375,0.295908828125,0.3023,0.29543125,0.29329484375,0.2568673671875,0.2054895625,0.1766489765625,0.160219515625,0.142070046875,0.129058921875,0.121336421875,0.1162872265625,0.1101441171875,0.10118996875,0.098562890625,0.0933710546875,0.08231196875,0.07893415625,0.0799687578125,0.0761226171875,0.0725541875,0.071489421875,0.0670067734375,0.0613454453125,0.0628595,0.0596425234375,0.0581623515625,0.0552246953125,0.05114959375,0.0513979921875,0.050968890625,0.049509578125,0.0447829453125,0.0428325,0.0406153984375,0.0385689140625,0.0373872109375,0.03729409375,0.0352887109375,0.0337901015625,0.033987671875,0.0335151640625,0.0323312578125,0.0315699921875,0.031771375,0.0316753671875,0.0312037953125,0.0303918828125,0.0300812734375,0.0300534328125,0.0292476234375,0.0300942421875,0.0298905234375,0.02850485546875,0.02824574140625,0.0292276265625,0.02899523203125,0.0274208109375,0.0272098703125,0.02886230234375,0.02795499921875,0.02588031171875,0.025420046875
230,27.233825,15.09185234375,9.34703984375,5.87176640625,3.90465859375,3.27769921875,3.101778125,2.6768703125,2.625975,2.4264865625,2.20335171875,2.443547421875,2.800913203125,3.688890625,6.70823984375,10.1428375,9.46283828125,11.449903125,23.39213359375,29.17692421875,11.219371875,3.432351640625,2.313204921875,1.590121875,1.13072984375,0.879400078125,0.728230625,0.63973765625,0.618573671875,0.54875390625,0.53388375,0.521886015625,0.49250765625,0.511199453125,0.494486875,0.4791659375,0.48963015625,0.430339453125,0.390955703125,0.37188,0.37812265625,0.33587953125,0.3087499375,0.2527974140625,0.2371145,0.2252131640625,0.206459609375,0.1875671640625,0.1695572265625,0.1671444765625,0.154904296875,0.161295578125,0.146589328125,0.1429664921875,0.143782125,0.14985425,0.1553402421875,0.14630040625,0.136766921875,0.142437390625,0.149913703125,0.1430012734375,0.1355363515625,0.130935765625,0.1333605390625,0.1332429765625,0.1400373046875,0.1388513671875,0.126702296875,0.139003609375,0.1341340234375,0.1192133125,0.1223868203125,0.1306148046875,0.13462365625,0.1287588984375,0.1256476015625,0.12463090625,0.1378342265625,0.1338302109375,0.1287325,0.128706875,0.1290683203125,0.1190743359375,0.122533546875,0.1320850703125,0.1469880234375,0.1644814921875,0.1543618515625,0.1466125546875,0.1439416875,0.134883453125,0.1396840859375,0.152893640625,0.1513057265625,0.147061921875,0.1634772734375,0.1466845390625,0.1454934765625
236,20.1396875,11.21128125,6.82872421875,4.53929296875,3.2914875,2.85334921875,2.61285859375,2.657203125,2.68503828125,2.486065,1.94239203125,1.55257578125,1.34120328125,1.17854546875,1.064678515625,0.867094765625,0.702562890625,0.58435953125,0.63999359375,0.654909140625,0.68705984375,0.760555234375,0.85657140625,0.789432109375,0.699940234375,0.69111859375,0.711113984375,0.693362578125,0.603485,0.524893828125,0.501572890625,0.48633953125,0.451934921875,0.385095234375,0.415668671875,0.3905153125,0.402216875,0.374738984375,0.323726875,0.29651375,0.267946171875,0.294532734375,0.2670203125,0.26561640625,0.2585934375,0.24215578125,0.2206837734375,0.20552625,0.2156103125,0.214694796875,0.188700375,0.1791614921875,0.1770056484375,0.1751119453125,0.1657631484375,0.162716046875,0.159673421875,0.166407203125,0.1951555234375,0.2494124765625,0.1987101875,0.1618561015625,0.145021640625,0.13351590625,0.1345693203125,0.13438521875,0.1227344765625,0.114773296875,0.114205390625,0.115021,0.1157900859375,0.109206546875,0.1078278359375,0.1054262890625,0.098032109375,0.0973754296875,0.0941826953125,0.0879944765625,0.089327734375,0.0967884140625,0.092120046875,0.0844284453125,0.0870070625,0.0925893359375,0.0827642890625,0.0856148828125,0.0732486796875,0.0765036875,0.077909578125,0.0760137890625,0.080960203125,0.07124434375,0.06995078125,0.079892484375,0.0771813203125,0.0755042890625,0.077829890625,0.0736050078125,0.075503203125
237,20.167940625,10.84013125,5.7683953125,3.78667734375,2.75429609375,2.52148515625,2.3555609375,1.91840234375,1.77965484375,1.443754453125,1.2217375,1.3853653125,1.48454734375,1.579765078125,1.680736796875,2.22341296875,3.11427796875,3.9988375,4.14762109375,3.22340640625,1.64246234375,0.89762375,0.648096484375,0.512270234375,0.428609453125,0.36057734375,0.329635703125,0.30754125,0.29296125,0.2804275,0.26855171875,0.251377578125,0.2650640625,0.2889859375,0.312936953125,0.315996796875,0.281454140625,0.276139921875,0.2542759375,0.226833359375,0.20037596875,0.1888135078125,0.193129625,0.1670141953125,0.1665856953125,0.1616925390625,0.155094625,0.136828765625,0.130434171875,0.1171002734375,0.11123265625,0.1035667109375,0.0941292578125,0.0882798125,0.08446696875,0.0720365078125,0.0686096640625,0.0677182265625,0.06347025,0.0608526796875,0.0603294765625,0.0576393671875,0.05359728125,0.0501745390625,0.044408515625,0.0429592890625,0.0445362578125,0.044240046875,0.04423384375,0.0392927734375,0.0374207734375,0.0369112890625,0.035058484375,0.0357085,0.036818078125,0.035491609375,0.0321416171875,0.0303956484375,0.0324498515625,0.0295839765625,0.02757282578125,0.0295850546875,0.028994859375,0.027233578125,0.028251209375,0.0258108765625,0.02537291015625,0.024773634375,0.024781428125,0.02413028671875,0.0233984765625,0.02231743671875,0.023974675,0.024670515625,0.02488670234375,0.0226256765625,0.02275104296875,0.023517946875,0.0239204203125
240,19.8214875,11.1440984375,7.4178015625,6.05306640625,5.13722109375,4.26813828125,3.35553046875,2.24641796875,1.646185546875,1.5251721875,1.355319609375,1.275137890625,1.18780546875,1.436949921875,2.324661640625,4.621725859375,9.38023359375,7.985734375,3.48836109375,1.9750003125,1.07074265625,0.57290390625,0.4055509375,0.409320859375,0.3808865625,0.361628984375,0.37153484375,0.329278125,0.329420703125,0.34472375,0.331124375,0.306853515625,0.32096875,0.303288828125,0.318858203125,0.319870390625,0.252049,0.228141875,0.2091337109375,0.205108140625,0.1903850859375,0.1646582265625,0.1460246875,0.1304313125,0.122775765625,0.1121714765625,0.1121761796875,0.11585409375,0.103082140625,0.0968906171875,0.1017122578125,0.0956236015625,0.0927090390625,0.081201875,0.0797507421875,0.076827734375,0.08835615625,0.103997359375,0.096864609375,0.0855391015625,0.0713187265625,0.064394234375,0.0572301953125,0.05664890625,0.057748078125,0.0588942421875,0.05883884375,0.0576363984375,0.0539252890625,0.05035775,0.0445704453125,0.0408159609375,0.039859875,0.0381168203125,0.0392649765625,0.038176875,0.03507559375,0.035101359375,0.0338495390625,0.0362212265625,0.0342388359375,0.03176523046875,0.0327086515625,0.03164661328125,0.03400500078125,0.0332488828125,0.0308932,0.0310993296875,0.0315988671875,0.0321030890625,0.02928560546875,0.03085942890625,0.03068396875,0.0292131953125,0.0295328953125,0.02787518671875,0.028903709375,0.0270030359375,0.0275476015625
244,23.8176953125,18.8429921875,14.7575625,12.19974453125,9.05171171875,7.8481421875,7.06040390625,6.09826953125,5.82264609375,5.05630390625,4.6646140625,5.06095625,5.07698828125,4.6323796875,5.3375890625,6.157634375,9.1896421875,24.14272734375,45.0172640625,40.87278359375,17.6930234375,6.81061359375,2.765853515625,1.663016484375,1.381712734375,1.171613515625,1.092265078125,0.923593984375,0.81409640625,0.803911796875,0.75870953125,0.6931809375,0.613094609375,0.608795703125,0.682388671875,0.68407359375,0.870798125,1.047738984375,0.8692065625,0.64300296875,0.5036625,0.43053625,0.321727578125,0.2668422578125,0.2528045078125,0.2278208828125,0.2154249375,0.2179914921875,0.208519234375,0.2027404140625,0.2003141640625,0.201460015625,0.198711875,0.18675528125,0.194146109375,0.2012269140625,0.2082909765625,0.19264903125,0.1729771796875,0.195782828125,0.193483671875,0.1637555,0.1594879765625,0.1395821171875,0.136377859375,0.1394370234375,0.1399485078125,0.1233574921875,0.1210197890625,0.124359625,0.10918078125,0.1076564453125,0.10327359375,0.106748578125,0.107623453125,0.0913335546875,0.0862240546875,0.081855671875,0.07725378125,0.079071828125,0.082045890625,0.0846623671875,0.0805356640625,0.0811131328125,0.0805061640625,0.07362490625,0.0786770859375,0.0732513515625,0.0830000703125,0.08232253125,0.080981515625,0.0805570703125,0.0825275,0.08199234375,0.08640284375,0.0909436484375,0.0797873984375,0.068295703125,0.0755525078125
245,29.9727234375,18.44685546875,10.40608203125,5.838421875,4.36884296875,3.65129203125,3.457054453125,3.385008203125,3.01104734375,3.052263515625,2.81595015625,3.11977328125,3.492748359375,4.839116484375,6.071382890625,8.6970859375,15.9466390625,15.95612890625,5.89528015625,2.46909234375,1.428389375,1.067885625,0.864714140625,0.749769375,0.689324453125,0.680040390625,0.55698328125,0.520031484375,0.4524446171875,0.4274038828125,0.367055890625,0.35537946875,0.3548933359375,0.330118125,0.3273202890625,0.31959359375,0.2760430625,0.2529292109375,0.2416869375,0.2293024140625,0.209335828125,0.1966797734375,0.196447546875,0.1847031328125,0.17808884375,0.16609471875,0.15682128125,0.1695050625,0.1613729609375,0.151776046875,0.14585571875,0.1445711015625,0.1418316796875,0.1355466875,0.1338233203125,0.124997328125,0.1287162109375,0.1173293359375,0.115182671875,0.1114577578125,0.1045577109375,0.1003143515625,0.099296125,0.103988546875,0.1034563515625,0.09625940625,0.0869197421875,0.087695890625,0.087236453125,0.08565384375,0.08322465625,0.08483409375,0.085094546875,0.0856808125,0.0858948984375,0.085241125,0.0811711953125,0.071603,0.07072040625,0.0683406796875,0.0677565078125,0.0724197734375,0.07074153125,0.069790765625,0.065356359375,0.0657616015625,0.064185796875,0.065131609375,0.0656505703125,0.06927365625,0.067302,0.06672965625,0.0671038828125,0.0632725625,0.0633534609375,0.061948375,0.0618326484375,0.0637055078125,0.0626779921875
251,18.13302109375,10.693184375,7.26506015625,4.4769640625,3.4236265625,3.24132109375,3.09506953125,3.06427421875,2.9416328125,2.58094765625,2.74763671875,3.23391484375,3.79384296875,5.2424640625,5.50061875,8.52238203125,21.174028125,14.28033046875,5.20693671875,5.3301015625,5.072925,2.19644921875,1.238869921875,1.003656171875,0.925804296875,0.90598515625,0.915532109375,0.894864375,1.0003046875,1.1009028125,0.9915296875,0.954195390625,0.924363359375,1.015066328125,0.985682578125,0.97573,1.032252109375,1.15418390625,1.22322484375,1.21973703125,1.31355140625,0.94974046875,0.7959425,0.5084234375,0.32424265625,0.241707109375,0.210119296875,0.180263421875,0.1475875078125,0.13019746875,0.124407875,0.1187908046875,0.1102643203125,0.0966495703125,0.0838844140625,0.08274015625,0.0809247265625,0.076099953125,0.0727173203125,0.073509703125,0.0659892734375,0.0649730546875,0.0638625859375,0.0564634609375,0.055777828125,0.051714734375,0.04523284375,0.0482060625,0.0485248203125,0.047790125,0.0437775078125,0.0393945546875,0.0370105390625,0.0380975390625,0.0372812265625,0.0384800234375,0.0355081640625,0.036942953125,0.03499928125,0.0349216484375,0.03420103125,0.0317708359375,0.03278234375,0.0324056484375,0.0318431875,0.0314711171875,0.029755578125,0.030829390625,0.03173440625,0.032700953125,0.0278557890625,0.0289285,0.0289582890625,0.025246640625,0.0249049671875,0.028596328125,0.03083890625,0.027881640625,0.0265468125
254,21.07388671875,13.6796828125,8.38891875,6.20400703125,4.72563671875,4.50036484375,4.0925640625,3.9698921875,4.23704140625,3.99117890625,4.4358859375,4.6825484375,3.3778703125,3.62964453125,4.14096953125,4.92476484375,5.26433125,6.4599703125,8.037028125,5.31313828125,3.204853125,2.5025625,2.226150546875,2.42105375,2.086118125,1.735707578125,1.625783671875,1.3819925,1.22381890625,1.1240659375,0.968998984375,0.921991328125,0.90567734375,0.85050625,0.892383046875,0.983440703125,1.07873390625,1.251498828125,1.304637890625,1.09942578125,0.934913828125,1.02095484375,0.9631346875,0.966460234375,0.89852171875,0.818184453125,0.71770890625,0.63088515625,0.59952578125,0.424677265625,0.31985421875,0.297322578125,0.264634375,0.23097434375,0.223717921875,0.2218385546875,0.192332,0.17678665625,0.1550383125,0.139599875,0.121055578125,0.123067203125,0.11997890625,0.1134537265625,0.104258046875,0.09576021875,0.1063794765625,0.10022628125,0.095649578125,0.09184521875,0.0863825859375,0.080573390625,0.072766875,0.07714334375,0.0790225703125,0.078865828125,0.0850386953125,0.08576125,0.0734683984375,0.071926296875,0.0724742421875,0.072682234375,0.0717226640625,0.065365359375,0.0601518046875,0.0618987265625,0.062042953125,0.061172140625,0.059985203125,0.061560640625,0.059913859375,0.0632005390625,0.0606717890625,0.05642803125,0.05776940625,0.059396421875,0.0675797109375,0.0584948046875,0.0549404765625
255,19.1456625,12.51333671875,7.9732859375,5.33514296875,4.334246875,3.9034140625,3.194290625,3.4937921875,3.43567421875,3.24124375,3.03306328125,3.201565625,3.77008984375,4.82265,5.40878125,7.669496875,14.1366921875,14.73898359375,11.08690625,5.60102421875,2.209476484375,1.32201953125,1.066120234375,1.012344921875,1.0650303125,1.112155078125,0.971913203125,0.8874271875,0.854218359375,0.76743140625,0.73128234375,0.70163453125,0.67170734375,0.682556875,0.69294609375,0.66191796875,0.635366875,0.597469296875,0.577673359375,0.5198909375,0.493084921875,0.488072890625,0.48234546875,0.445388671875,0.370573984375,0.368432734375,0.341072578125,0.329608984375,0.332451484375,0.3042639609375,0.2803662890625,0.277514796875,0.2769825703125,0.26564159375,0.2496791953125,0.2440507578125,0.247999515625,0.219407328125,0.2250634921875,0.2022499765625,0.197656625,0.233898796875,0.3638867578125,0.405350703125,0.3143249453125,0.2244137578125,0.1580876953125,0.138040046875,0.1440191328125,0.133248140625,0.126750734375,0.11754865625,0.119999671875,0.1130139609375,0.10952965625,0.1097592109375,0.1060517421875,0.1071365859375,0.100638796875,0.0985121875,0.1003677734375,0.0978199921875,0.091170390625,0.090032875,0.092781828125,0.09361025,0.086724640625,0.0855046875,0.0862577734375,0.0759847734375,0.081650890625,0.081195578125,0.0750166484375,0.0770941015625,0.0757923671875,0.07664284375,0.0782407109375,0.075237046875,0.0763376875
256,47.1605078125,23.20304453125,14.82516796875,9.23336171875,5.196984375,4.49160703125,4.04848671875,3.343668125,3.03326703125,2.748264609375,2.450522890625,2.237398984375,2.332928046875,2.465728125,2.63261640625,4.003753046875,6.005198359375,8.41076015625,13.0686046875,26.83111875,30.7835953125,12.40533875,2.849069921875,1.469876640625,1.2324828125,0.946745703125,0.864622734375,0.795871875,0.862182109375,0.834823984375,0.710652421875,0.718928671875,0.715483515625,0.649685546875,0.6887003125,0.75697421875,0.810721875,0.85614328125,0.94132,0.99142796875,0.993318828125,0.94600578125,0.81067125,0.655910546875,0.542748828125,0.471816171875,0.39774609375,0.3237090078125,0.2725241796875,0.2276385703125,0.199173546875,0.18147825,0.187719796875,0.1917374375,0.1714334765625,0.17013503125,0.1759232109375,0.162543984375,0.1548885390625,0.167392859375,0.1676445546875,0.1536209453125,0.150334421875,0.13529740625,0.127038546875,0.1139582890625,0.10899975,0.1091557890625,0.1029338203125,0.1003126640625,0.101009015625,0.093753375,0.09188090625,0.0891994140625,0.0839688515625,0.08260071875,0.084880859375,0.085956171875,0.081554265625,0.0724967421875,0.069514578125,0.07139540625,0.0713397578125,0.0763552890625,0.073861484375,0.0792951015625,0.0725284921875,0.0681083125,0.0657319375,0.0600877890625,0.0592615859375,0.0657238359375,0.065588796875,0.070896734375,0.0699538203125,0.0637551171875,0.058639703125,0.0640205625,0.05539428125
257,34.5784140625,18.85506015625,10.45903125,7.4853515625,5.8522171875,5.76525,5.03046484375,4.38915234375,3.454628125,3.115459375,3.3216921875,3.83154375,4.80709765625,6.4168828125,13.83626171875,27.52553984375,18.5624296875,6.02741171875,2.399875546875,1.399394765625,1.08574640625,0.857988671875,0.711473125,0.682807578125,0.600673984375,0.590978671875,0.559409375,0.56751609375,0.562596640625,0.58341890625,0.5105353125,0.54564140625,0.572008046875,0.5763334375,0.449283203125,0.39997421875,0.369781796875,0.32769765625,0.331116171875,0.2892275,0.271735390625,0.272563046875,0.25943109375,0.267587578125,0.2471659375,0.233853828125,0.210801328125,0.207750140625,0.181173953125,0.191495734375,0.191917296875,0.17812390625,0.1611084375,0.1353246171875,0.13722134375,0.1319271484375,0.1314066953125,0.1125840703125,0.1191130078125,0.1217929375,0.1228023671875,0.1226564609375,0.1115366796875,0.1064466015625,0.099673171875,0.0881616796875,0.08401303125,0.078716796875,0.0808704375,0.0751964453125,0.0746680703125,0.069965234375,0.07241196875,0.07904503125,0.0703354921875,0.069112421875,0.0658544765625,0.0660639921875,0.061053765625,0.0648828828125,0.062862203125,0.058478453125,0.0579955859375,0.058582078125,0.0581403125,0.0579796640625,0.056175765625,0.0584218515625,0.054606203125,0.053195109375,0.057003140625,0.057541203125,0.0557229375,0.0538716953125,0.053425453125,0.059578515625,0.0610901953125,0.0534346328125,0.0514253515625
258,35.0386765625,14.56186953125,7.78802109375,4.74085,4.02896796875,3.68881328125,2.92742890625,2.4812359375,2.078540546875,1.9474346875,1.745433046875,1.656645390625,1.855476328125,1.659590546875,1.42571921875,1.393799765625,1.567199765625,2.35058515625,4.4582625,8.96221875,10.507771875,7.32919140625,4.12998515625,2.39244140625,1.637472578125,1.349093671875,1.22058578125,1.14523203125,1.016244140625,0.98463390625,0.90750421875,0.786309921875,0.90366015625,0.992516328125,0.8977765625,0.91818484375,0.972037890625,0.82422828125,0.631721953125,0.54690984375,0.519211171875,0.487500625,0.44152359375,0.3861290625,0.337177265625,0.319614359375,0.2797398984375,0.2645352890625,0.23359734375,0.218163578125,0.219098859375,0.1966921171875,0.1979307578125,0.1907015,0.2168667734375,0.2629254140625,0.251861953125,0.21501215625,0.183448578125,0.1594173125,0.142666859375,0.1474060546875,0.1417988125,0.136818265625,0.1284824609375,0.1315277421875,0.1426293046875,0.1535173203125,0.150364828125,0.135236390625,0.13041153125,0.1294050625,0.1337443515625,0.129799984375,0.129327703125,0.1302932734375,0.129554015625,0.1447747265625,0.1396529296875,0.1289762265625,0.135112625,0.160938375,0.1632246484375,0.1412684921875,0.1442631328125,0.1425523359375,0.1224852421875,0.1270579453125,0.1219606875,0.11658734375,0.1222818828125,0.1243032734375,0.1192188984375,0.112779265625,0.1172103125,0.1235144609375,0.13203990625,0.11911290625,0.1059963828125
260,10.6334625,6.14236171875,4.44452734375,2.7923503125,2.035049140625,1.69671671875,1.72735234375,1.733176796875,1.53044828125,1.262870078125,1.13185859375,1.087752265625,1.166358984375,1.322445234375,1.469081015625,1.75025296875,2.49705734375,2.547227109375,1.887984375,1.84369890625,2.328059140625,3.187797734375,2.820508515625,1.25632171875,0.7223353125,0.54160703125,0.52447296875,0.4670078125,0.40902421875,0.36048428125,0.31181715625,0.2752029609375,0.22813946875,0.1927259296875,0.1811529140625,0.168644609375,0.1464378359375,0.1421123984375,0.136947046875,0.13357640625,0.132647140625,0.13167421875,0.12878375,0.1213321015625,0.116682671875,0.101571,0.090003015625,0.0860318203125,0.083712765625,0.073261609375,0.063048375,0.062566859375,0.0630562109375,0.0572792421875,0.053148171875,0.0514988671875,0.048782625,0.047544921875,0.04599528125,0.04721492421875,0.0488266640625,0.0542264765625,0.0593347109375,0.062740796875,0.055421328125,0.045136890625,0.03993918203125,0.03662018671875,0.03367631640625,0.032869190625,0.03286631875,0.031811784375,0.0294619875,0.02868911640625,0.03057529375,0.02733694453125,0.026753259375,0.025683746875,0.02518733671875,0.02580475859375,0.02487731015625,0.024017990625,0.02208895859375,0.02247732265625,0.02377937734375,0.0224436640625,0.02171531875,0.0251461703125,0.02326778046875,0.01968757109375,0.0193450390625,0.02121949453125,0.0201809890625,0.01900958828125,0.02074456640625,0.01976775,0.0212970046875,0.01934907109375,0.020438184375
