1,2,3,4,5,6,7,8,9,10,11,12,13,14,15,16,17,18,19,20,21,22,23,24,25,26,27,28,29,30,31,32,33,34,35,36,37,38,39,40,41,42,43,44,45,46,47,48,49,50
38.05725,15.65417109,7.722363281,6.366960156,5.223660156,4.721135156,5.220421875,7.037069531,8.124427344,19.09106641,11.22730859,2.599046484,1.751596641,1.619058438,1.544374453,1.287886016,1.060890391,0.963602656,0.846915547,0.815230469,0.687683281,0.512218906,0.431821328,0.369932422,0.325799063,0.302108516,0.269325703,0.240980688,0.238453961,0.251841766,0.290719898,0.443590906,0.415579281,0.255649477,0.181265797,0.155243969,0.145270313,0.145842867,0.146094805,0.135368023,0.140584156,0.155305727,0.160335094,0.149897594,0.145857953,0.133956938,0.126784125,0.148558742,0.170156945,0.159343773
29.29223672,8.510249219,3.440077344,2.300926797,2.123310469,1.726866719,1.672201875,2.855651797,13.18766406,14.96196094,4.213339063,1.199522422,0.539406406,0.444648906,0.376417031,0.380258438,0.395506172,0.515858281,0.599158984,0.494309688,0.317232563,0.214014891,0.173980008,0.150647352,0.136408406,0.120871336,0.118115953,0.122057852,0.110421125,0.114272016,0.121804461,0.147724,0.118017539,0.088796352,0.073820313,0.060698102,0.058046516,0.061258727,0.063049359,0.067278578,0.067014086,0.065269922,0.064945539,0.057679422,0.055486375,0.056172219,0.058122766,0.063698875,0.05893793,0.052742344
30.97976797,15.61465859,8.4879625,5.714669531,5.660534375,5.490304688,8.324378125,21.30233984,34.60157266,29.65536172,8.40339375,2.004006172,1.212588828,1.079292109,0.942398438,0.873378359,0.887673438,0.829329063,0.764501328,0.696383672,0.602819609,0.421745781,0.293676414,0.240680969,0.196868016,0.171579891,0.162530539,0.14627557,0.132932773,0.131116867,0.140786594,0.203312539,0.218570602,0.125347727,0.076857219,0.060608875,0.053138641,0.04955568,0.044285109,0.044337875,0.043716138,0.041282345,0.039358014,0.035486129,0.034399535,0.032815463,0.030593919,0.031656582,0.031889073,0.029361461
19.58592656,7.464386719,6.037797656,7.772188281,6.177015625,2.758253125,1.84888125,2.382382813,4.934117188,4.868070313,1.550966016,0.610426797,0.544436172,0.579958203,0.560685391,0.533762969,0.531322891,0.538519844,0.506841719,0.479495859,0.396087734,0.355338906,0.310737258,0.263528883,0.239014516,0.224733148,0.206054164,0.18403007,0.179179734,0.170433641,0.189881883,0.276917602,0.316303797,0.249509016,0.19702368,0.187456336,0.187054961,0.167434742,0.149326086,0.12891793,0.121963352,0.111830586,0.114408367,0.111735516,0.11821018,0.117395367,0.111416727,0.111797891,0.114117688,0.110397367
32.2376875,11.94005234,6.224294531,3.897969531,2.992542969,2.778497656,3.079419844,5.991688281,12.19895156,7.942,1.869405938,1.058077969,0.819709688,0.767107344,0.696575625,0.592118438,0.528199531,0.501985547,0.470589766,0.451969609,0.40112,0.333304141,0.252535156,0.193919516,0.171160953,0.15220343,0.138539922,0.128396313,0.130582523,0.120900063,0.106762305,0.102804477,0.098759375,0.095629836,0.090151977,0.087848867,0.090263789,0.08921968,0.083905227,0.085808102,0.090244492,0.078204289,0.076239711,0.073299648,0.067945375,0.067736859,0.07249618,0.078011133,0.075455984,0.074306078
23.55546406,9.960964844,5.345525781,4.341824219,5.311889063,3.727642188,4.229735938,5.812610156,14.49976875,19.04801328,5.526789063,1.950321406,1.231456328,0.897264375,0.658340313,0.54646375,0.477036094,0.468269844,0.493311328,0.408242422,0.294059695,0.222866938,0.190692484,0.173764617,0.148603508,0.14163632,0.13537232,0.142097938,0.169927227,0.161683492,0.112943867,0.091092438,0.086230938,0.080002656,0.073954945,0.07163825,0.076267688,0.0811025,0.072873047,0.068908547,0.07017607,0.080696414,0.078254469,0.077493438,0.073375891,0.070736516,0.074415313,0.068568578,0.069341117,0.081169648
26.40604063,9.304151563,4.707254688,3.905730469,2.951438359,2.194507109,2.211891797,2.85874375,5.682320313,9.09029375,4.851508594,1.239968984,0.782382188,0.744014141,0.700527266,0.594216719,0.611083125,0.668839922,0.762443984,0.816815703,0.664403438,0.506258516,0.432963594,0.345303672,0.284961742,0.229812375,0.190840836,0.196445352,0.177193914,0.170737086,0.191913195,0.174718297,0.177727148,0.156849359,0.139533352,0.140676023,0.125441086,0.118271359,0.126897148,0.119422766,0.108338383,0.098784875,0.096943594,0.096330227,0.102414078,0.092166609,0.088978617,0.084997023,0.08460668,0.085623914
29.51979297,9.946388281,4.129597656,2.687625,2.063630625,2.033110391,3.539134453,7.170590625,12.00421172,11.80119766,3.955151719,1.410473906,0.634389688,0.547877344,0.466755234,0.478683828,0.517342656,0.510194531,0.542195,0.442350313,0.321455469,0.276266359,0.257438914,0.21814468,0.193756477,0.193090734,0.197280156,0.235427031,0.252964164,0.180903063,0.163597758,0.171405547,0.153099586,0.150493711,0.157458648,0.119098156,0.115931102,0.114714664,0.108461227,0.126467695,0.124170867,0.105523984,0.117224023,0.103475336,0.111132063,0.114450656,0.101025422,0.091083078,0.120702727,0.106888164
22.05140781,6.465005469,3.344967969,2.939026563,2.264802656,1.995577109,2.772815625,4.312073438,3.734792969,2.813101563,3.1982725,2.869342266,1.631071641,1.157938438,1.1198575,1.006072422,0.809925469,0.673643672,0.620911328,0.537027813,0.514931641,0.514451328,0.479926406,0.384386797,0.293368313,0.231734258,0.187327891,0.156231914,0.149864813,0.125094523,0.091871023,0.075609352,0.063540766,0.05637443,0.051480094,0.047422398,0.048392063,0.040856414,0.035245734,0.036102263,0.031239173,0.033017907,0.030806971,0.029320066,0.029897406,0.03043368,0.025939293,0.025273487,0.029804638,0.030897861
15.97785469,6.525660156,3.717800547,3.421838828,3.102091172,2.098102344,2.374877813,2.079099063,2.366821641,1.618112578,0.716351172,0.566821719,0.554943828,0.513927344,0.450209063,0.373558828,0.330577578,0.298672313,0.242840117,0.216628969,0.189410234,0.166651859,0.151466141,0.135790719,0.129770563,0.115060727,0.101926813,0.093024805,0.080625625,0.081518133,0.101535445,0.114978125,0.089281852,0.068041641,0.066365203,0.060415711,0.05142557,0.052849617,0.058107539,0.056553109,0.056128453,0.056975547,0.049477422,0.048828117,0.050888719,0.049561305,0.050568641,0.051937227,0.052795031,0.050668625
28.12736563,10.67924219,6.030264063,4.600367969,4.765200781,4.105330469,4.671761719,6.602482031,7.662260156,8.53223125,6.248978906,1.730078984,1.222125391,1.028676641,0.797886094,0.698097891,0.542419219,0.457586328,0.396858406,0.344971789,0.263100906,0.214786695,0.195033102,0.184332383,0.163030023,0.1502385,0.144068391,0.140326328,0.142121352,0.143391586,0.14961357,0.12256775,0.105773617,0.106749359,0.112071008,0.11716207,0.125456555,0.120807156,0.102074352,0.102118328,0.123468852,0.113624805,0.087464789,0.116139023,0.119826094,0.102894133,0.084208094,0.082530805,0.104853008,0.088936453
11.98190938,4.180201094,2.274927891,1.901335859,1.439672656,1.356406719,1.778365859,2.205916406,2.882401563,1.414707656,0.569985313,0.306091906,0.238721023,0.238389195,0.227622078,0.227767953,0.226844055,0.216025148,0.196981469,0.167694016,0.14503107,0.127204766,0.122175313,0.100608789,0.092082547,0.077945805,0.075324227,0.076147828,0.070850828,0.076659211,0.11500107,0.211302273,0.122048289,0.058121109,0.052772641,0.047857688,0.045288439,0.046190715,0.045294848,0.042985972,0.040294811,0.040409987,0.039715382,0.039271391,0.038404791,0.037511697,0.035791392,0.03587856,0.03685941,0.034788594
23.74096328,11.51790391,5.484042969,3.730399219,3.703401563,3.99278125,4.005810156,5.429174219,12.99915938,9.8582625,2.989617266,0.901316172,0.701144844,0.668127813,0.611751328,0.596832422,0.553896172,0.549934844,0.512563828,0.401402031,0.308809219,0.227142594,0.195254914,0.169633883,0.169505023,0.162984836,0.152767539,0.145663602,0.134224125,0.122530172,0.125932961,0.122224844,0.109350602,0.106605875,0.099365945,0.096186578,0.085976195,0.075513719,0.076805859,0.077452461,0.076457852,0.072420414,0.076264109,0.069103492,0.059773773,0.068543867,0.071392203,0.071472867,0.073528023,0.061237547
19.55760313,6.420839844,2.815758594,1.499482656,0.982872188,0.777059844,0.624306797,0.522837656,0.441465938,0.473042266,0.463530391,0.409884453,0.438706094,0.487699453,0.432946719,0.320342656,0.259008203,0.212042172,0.198028492,0.180495891,0.1744065,0.154788445,0.150678383,0.139232859,0.131427555,0.122847383,0.116700414,0.114120125,0.104681023,0.107102031,0.097543414,0.096244625,0.094724109,0.084628641,0.085913836,0.087789258,0.09045425,0.098591781,0.08347325,0.079281242,0.084212063,0.080664227,0.080622414,0.07441818,0.074422773,0.081594383,0.074566844,0.080093289,0.074002164,0.068882695
23.02401953,7.422457813,3.367265625,2.671576563,2.079291719,1.522742891,1.947006719,3.359442969,9.223341406,8.355045313,2.098043359,1.060746172,0.89460625,0.715432188,0.485871563,0.346056172,0.313403438,0.313302031,0.29323125,0.253801492,0.215517742,0.193783984,0.177106859,0.153264727,0.149489344,0.139676695,0.1404585,0.131660289,0.120022117,0.124485203,0.118730898,0.108754414,0.102200055,0.100425008,0.103594391,0.100393516,0.107174289,0.102061227,0.103102594,0.098435289,0.096184414,0.092183172,0.088619414,0.082238961,0.079748516,0.083495242,0.089055867,0.081306156,0.084741203,0.086699547
23.26837422,11.82672813,6.943754688,5.505038281,5.877310938,4.229939844,5.984344531,8.92030625,18.14976641,21.38876406,3.654062734,1.342402109,1.188726016,1.093148203,0.968489375,0.937926563,0.862035469,0.855716406,0.844097578,0.700000625,0.634101328,0.711419688,0.675172188,0.558395,0.398772891,0.302839844,0.282849406,0.272510367,0.241783633,0.221986508,0.216441219,0.200946273,0.183045672,0.20057693,0.2044575,0.19791593,0.191907891,0.185024438,0.17460418,0.187453563,0.18809943,0.203118031,0.193027031,0.171616906,0.177170336,0.17779693,0.174831406,0.172177789,0.164739328,0.182326805
12.96443906,4.655376563,2.291799297,1.797340781,1.539210156,1.387573672,1.310207578,1.066407109,0.967960625,1.073442188,0.766384766,0.581775078,0.548377031,0.483255938,0.434564844,0.390137813,0.382018828,0.348656328,0.333998922,0.276402734,0.214799664,0.183897664,0.165159227,0.148037281,0.135898617,0.132204711,0.119334875,0.105310539,0.096600594,0.102544906,0.097388758,0.087355813,0.081234281,0.072425094,0.067990227,0.0616475,0.056740383,0.059378211,0.062306375,0.064492977,0.054317133,0.056620445,0.049050005,0.047879178,0.047557555,0.049242563,0.045748611,0.04792463,0.047433272,0.046504483
18.23107422,6.37350625,2.597458594,1.7628725,1.521979375,1.198214688,1.315484063,2.073600078,4.593807031,4.087804688,3.453574219,1.459179453,0.61101375,0.433096797,0.388778125,0.34651375,0.306931172,0.265021016,0.217524688,0.192579555,0.173498008,0.135333422,0.111204414,0.100878953,0.089227336,0.089090969,0.08101043,0.072253633,0.068514828,0.073242641,0.0689705,0.066611211,0.066245125,0.064542406,0.062850117,0.065605844,0.065061758,0.058622508,0.056112109,0.056466672,0.056416227,0.058013836,0.05727218,0.057774164,0.056133758,0.053633797,0.05086232,0.052689656,0.05376218,0.057937969
32.3790625,16.99264375,9.196613281,7.012209375,5.809443672,4.568714531,4.826046016,5.861230703,8.305487188,6.90132375,4.912983281,2.863945391,2.209826953,2.248800703,2.318235,1.962872266,1.370836719,1.104261953,0.987631328,0.89764125,0.850873672,0.858510313,0.622462109,0.495516719,0.35751125,0.259541195,0.229568922,0.193536227,0.171412094,0.152527008,0.14674468,0.138432703,0.135657422,0.136762797,0.118892227,0.111145508,0.106077742,0.104164773,0.099054945,0.093682109,0.093678805,0.097886039,0.097328336,0.091062766,0.094281156,0.094346188,0.091180672,0.088312148,0.08754293,0.083014617
23.0734,7.21378125,3.428575781,2.324196875,1.668312031,1.660539844,1.958372656,1.896599922,2.285808828,2.481032813,1.302697578,0.733978594,0.735214219,0.706930469,0.605105156,0.484013594,0.409390156,0.315912188,0.292688984,0.249858203,0.185828016,0.150816914,0.131692367,0.122551219,0.108919125,0.102749383,0.094609984,0.088967125,0.091702813,0.087903625,0.084926781,0.064419484,0.060421688,0.056190969,0.053748125,0.050862359,0.048315242,0.043347539,0.040823195,0.038636133,0.039183375,0.037225188,0.035903977,0.035961375,0.036131988,0.034632138,0.035972289,0.038435609,0.036532344,0.034123185
14.19878359,6.341242969,3.262684375,2.428529531,2.838771563,2.768683359,2.798696016,4.419438203,14.05224063,8.04148,1.449978281,0.718810781,0.518012656,0.558615313,0.502931875,0.451775938,0.463178359,0.533569375,0.468061641,0.315921289,0.254742594,0.204726289,0.155987023,0.159847492,0.148389523,0.125751328,0.124815539,0.11997693,0.10287225,0.09076682,0.082903625,0.086961195,0.084403391,0.089286547,0.085723008,0.073908625,0.072830273,0.06720382,0.072952227,0.065806234,0.059731227,0.063381203,0.060244398,0.058282625,0.053606305,0.055756586,0.057294148,0.064129734,0.061617117,0.056590688
14.90193359,4.505145313,2.121467969,1.5132175,1.430808281,1.272173203,1.287326484,2.492771875,5.130238281,4.042948438,1.302423438,0.548618828,0.444359141,0.395091641,0.378999766,0.375426484,0.348059219,0.289376406,0.257106563,0.234140156,0.164464516,0.142469602,0.135202797,0.124658875,0.114391523,0.106368211,0.095133836,0.093877508,0.094480711,0.090003852,0.094870992,0.101692406,0.082741922,0.068996109,0.061084914,0.051798023,0.052837516,0.055316484,0.051899039,0.053119289,0.050166078,0.047772906,0.045014445,0.044404867,0.04433643,0.043094602,0.045152367,0.043868281,0.044212703,0.044272422
16.97363203,7.408688281,4.200658594,3.372216406,2.136411719,1.439746953,1.565573906,2.422519766,4.554268281,4.875495469,1.915440469,0.667947969,0.482715703,0.490405703,0.543375625,0.578815781,0.548731719,0.519370078,0.558893516,0.567447266,0.463275703,0.356920781,0.283646297,0.226295617,0.172361938,0.150186859,0.122720398,0.105068055,0.095551992,0.091797656,0.086735453,0.093494813,0.088318664,0.077558289,0.071280828,0.06985318,0.065919023,0.057162375,0.053411922,0.054314406,0.049928328,0.046986453,0.044509016,0.040063586,0.044033266,0.040851477,0.036849023,0.036022563,0.035614906,0.035271375
16.59173203,7.004270313,4.258342188,3.350910156,2.579387969,2.218937188,2.751551172,4.495218906,10.91041484,14.76893906,5.023339375,1.109680469,0.680270156,0.552729063,0.520593672,0.577503984,0.628582266,0.701316484,0.751751563,0.648338359,0.518665234,0.414204766,0.369807109,0.344595859,0.309299586,0.286634086,0.274677852,0.255890188,0.249751133,0.234287891,0.221202359,0.211617945,0.188329898,0.191508813,0.205942953,0.206807031,0.198821672,0.190532102,0.189430328,0.179032523,0.172566023,0.177206742,0.188271641,0.184001031,0.184518461,0.172694586,0.163978086,0.156925336,0.151898461,0.162494461
17.99702109,6.4720625,2.755556953,1.938180156,1.831423281,1.502201328,1.316555313,1.461430859,2.32460625,5.76775,8.206257031,3.338145078,0.643795086,0.328482242,0.296117523,0.276105016,0.232088031,0.224355758,0.22538375,0.209566914,0.232781852,0.24543882,0.202743516,0.147004977,0.110588031,0.095492461,0.085685609,0.083432641,0.074948453,0.0686105,0.065436414,0.061640586,0.05800482,0.054657922,0.050921734,0.046220258,0.044322594,0.043730406,0.040868219,0.037442469,0.036575008,0.038812547,0.03836306,0.035797766,0.038560123,0.037079136,0.033008287,0.032879025,0.033497205,0.034068649
33.64782031,15.99317891,12.75410859,5.834494531,5.317922656,4.193800781,4.825085156,7.23726875,5.798139844,22.08232734,22.44329375,2.759796016,0.958305781,0.666458984,0.57901,0.616576094,0.610134844,0.660471016,0.801705,0.711154063,0.782781953,0.588594844,0.458670156,0.382633906,0.318376953,0.299506719,0.275226617,0.3268555,0.320342188,0.329910641,0.330225508,0.279310414,0.249774102,0.258335805,0.248516297,0.235386773,0.245157047,0.230439656,0.227268852,0.267294578,0.260572164,0.248227016,0.289550953,0.256492891,0.25029007,0.240252078,0.247120859,0.297863602,0.300002828,0.232774367
19.13606172,9.496995313,5.417360156,3.401591406,2.557659141,2.401611797,4.353710156,7.653021094,13.38884297,8.537382031,1.860051797,0.672942734,0.510049766,0.532346172,0.53058375,0.582417734,0.621087813,0.567843047,0.521998438,0.445322734,0.353758125,0.299341156,0.256099023,0.231376398,0.232626578,0.224043125,0.211309586,0.195198359,0.183243938,0.162999367,0.173934891,0.197078313,0.198299633,0.166423125,0.156707172,0.166857984,0.1702375,0.154267789,0.135234188,0.134997188,0.141858031,0.170713938,0.18090318,0.171605773,0.154800664,0.141024,0.164638344,0.17494875,0.154471102,0.145064047
22.77387813,7.678717969,3.144425,2.195096094,1.663711719,1.344910234,1.252144375,1.49028,2.165777188,4.077175,2.516659375,0.697359766,0.398605234,0.304527422,0.288051484,0.299277031,0.290253906,0.303310156,0.308399766,0.30967125,0.251706867,0.182146844,0.139851922,0.118926781,0.107205523,0.099344188,0.083424297,0.07600375,0.069858664,0.068959938,0.064940797,0.060371922,0.053175367,0.050076773,0.045163898,0.040574984,0.037350047,0.035021547,0.033282984,0.033709219,0.032281781,0.030712295,0.030584602,0.030282016,0.030303823,0.028850759,0.028444166,0.027612655,0.028284959,0.025778857
18.89957109,8.196763281,4.733164063,3.942628125,2.840353125,2.861802344,5.696292188,11.11607734,18.03553281,7.277996094,1.643594609,0.902299609,0.722849141,0.676882734,0.655054688,0.573423359,0.512048125,0.476307422,0.385032656,0.306808047,0.258131328,0.235066172,0.200711172,0.173866,0.155168195,0.142327195,0.125573227,0.120503102,0.104851656,0.098481008,0.093083289,0.084984227,0.087656867,0.077484813,0.06790175,0.065642828,0.067214484,0.064230008,0.057821164,0.053972633,0.054351734,0.049101922,0.045601953,0.048289516,0.046552352,0.049906266,0.051849516,0.047883609,0.050615594,0.049104703
28.62872344,10.41902969,3.920164844,2.861394531,2.554828125,2.205865547,3.017323594,6.7667625,10.78554844,19.10079453,13.57524844,2.93387625,1.203953516,0.691724609,0.569830391,0.553594609,0.522028047,0.500095469,0.471762734,0.433702422,0.361741406,0.314994766,0.256987773,0.204233031,0.180419797,0.172318422,0.148828844,0.144758594,0.151328031,0.149732773,0.155719617,0.148935609,0.131811148,0.129454641,0.151371273,0.145879664,0.131893906,0.140905258,0.125808859,0.124625133,0.129401461,0.121658719,0.122404297,0.151413711,0.165414016,0.150086109,0.163289414,0.161845742,0.156049992,0.142528211
28.50452266,9.190063281,4.593825,3.385772656,2.980078594,2.709175547,2.031737813,2.099514141,3.155171094,2.816173438,1.908866719,1.4667075,1.170946875,0.975522734,0.718429219,0.476678516,0.365255547,0.331225625,0.302505234,0.276517734,0.215814344,0.191313734,0.17189907,0.162968938,0.145330844,0.127769148,0.110106688,0.112440867,0.108763109,0.105680742,0.09691375,0.085173453,0.07306425,0.072868469,0.069214563,0.075320156,0.076872938,0.072568078,0.072167961,0.0665455,0.062557234,0.055032242,0.057479797,0.054754492,0.054393508,0.062224297,0.063064695,0.054460164,0.052307195,0.053887883
17.9040875,5.158935938,2.525155234,1.776653828,1.298383281,1.026491484,0.965368125,1.014764453,1.528264453,2.544898516,2.054803828,0.661085234,0.381814375,0.3485175,0.335016484,0.303600547,0.276456875,0.257530078,0.23550925,0.236866422,0.226219992,0.196100484,0.166917383,0.144845039,0.134932961,0.126145484,0.120625594,0.109909172,0.108368203,0.113650867,0.128288289,0.102976195,0.081800664,0.077111203,0.076612977,0.074459625,0.071859633,0.070964531,0.066419883,0.068395531,0.070939,0.062049328,0.062947438,0.063127016,0.056903672,0.06024168,0.062666453,0.057498547,0.051614731,0.053084245
20.03082734,8.468057813,4.544271094,3.497811719,2.222344219,1.876444766,2.128729688,2.295492188,1.973401094,2.145586719,1.524527734,1.111557578,0.897441328,0.770457969,0.601754297,0.430787656,0.379344063,0.360138828,0.323948672,0.321335641,0.305860984,0.24920625,0.21650982,0.192601063,0.169640477,0.164811781,0.147856945,0.133266953,0.135100297,0.121954984,0.119935422,0.109599859,0.095004383,0.091996234,0.090970633,0.087256227,0.102648102,0.093245133,0.090524164,0.095588602,0.105251148,0.089047828,0.084910453,0.089484953,0.088245961,0.086004047,0.08971218,0.081417406,0.090437453,0.089673055
17.75581484,7.374690625,4.026039063,4.621382813,4.569270313,3.185710938,4.563694531,7.358260156,14.73967813,18.55243906,4.511107813,1.464519922,0.999027109,0.783426797,0.631065938,0.527252656,0.558310625,0.657028594,0.873925156,0.709473438,0.497147891,0.329656172,0.246323969,0.218492422,0.201505297,0.201224477,0.202945766,0.204021445,0.207662758,0.180915313,0.179182523,0.165927602,0.149638313,0.166335773,0.167293656,0.156885852,0.133000375,0.123803281,0.123654695,0.109123117,0.112583172,0.110561805,0.104702148,0.105413383,0.105325648,0.100798594,0.103512867,0.109806641,0.10168182,0.094677344
21.03278672,9.90386875,4.497125,3.618121094,4.060703125,4.348219531,4.544178906,6.650699219,12.78805,7.253603906,2.366997266,0.918031016,0.536413984,0.469216953,0.414373125,0.406730781,0.406102109,0.425951484,0.373482969,0.307430469,0.259000313,0.223490055,0.210871266,0.194319313,0.176892516,0.171263492,0.151985148,0.140719281,0.131470938,0.127834742,0.130393633,0.138789859,0.137354719,0.114416734,0.09962893,0.096298016,0.089181844,0.088298148,0.084639,0.074307164,0.077802391,0.078836766,0.080918688,0.074077227,0.076418,0.076004984,0.068075086,0.071054469,0.069999688,0.069456078
21.64072578,7.311989063,3.307603125,2.688179688,2.557978906,1.922978984,1.388460859,1.084227344,0.731509453,0.649776016,0.712961563,0.806582813,0.805596875,0.693404688,0.676792344,0.551932422,0.442290469,0.385777422,0.376620781,0.329879297,0.301968281,0.287384219,0.274384219,0.243164445,0.221633375,0.203714008,0.174648453,0.167610961,0.17788357,0.208568039,0.211954422,0.153586875,0.134827789,0.123783992,0.106377633,0.11323668,0.120869773,0.104555773,0.103035164,0.09757068,0.089007227,0.083493523,0.09140175,0.084912031,0.083531055,0.08305975,0.082162078,0.076668055,0.07103518,0.078126367
22.10525313,7.265267188,3.093609375,2.271415625,1.709183516,1.399152266,1.513861406,1.912789219,3.107998438,3.940672656,1.915471563,0.670430313,0.443013594,0.316077578,0.302461406,0.278056328,0.282223438,0.287602656,0.282213281,0.262962188,0.2182075,0.178299898,0.166123414,0.143789781,0.12514957,0.115624492,0.100563414,0.081392641,0.071574563,0.063046625,0.058683258,0.052027727,0.045140234,0.043357211,0.042648906,0.037938852,0.034872125,0.036714047,0.032951773,0.030827086,0.030388406,0.028057277,0.027222769,0.026435864,0.025934585,0.023752373,0.022680441,0.023943611,0.022481063,0.023070157
18.43844844,5.56910625,2.649839453,1.853918828,1.671361641,1.523186719,1.335991641,1.479523438,2.844578125,4.085930469,1.820033438,0.637903047,0.487186563,0.477147109,0.432936484,0.400103906,0.386789375,0.36687125,0.367083594,0.317516305,0.280822484,0.262299477,0.230332211,0.204030711,0.196150469,0.185770266,0.176278258,0.161828219,0.165284039,0.165362344,0.168649336,0.173765258,0.165418156,0.159610523,0.140124664,0.148157047,0.153878141,0.155516555,0.151369906,0.150043516,0.153611,0.148938781,0.148783578,0.141806648,0.139446414,0.143882984,0.138256461,0.148259281,0.142178781,0.137517484
47.12457813,10.72446094,5.291441406,4.099870313,3.828482813,3.043527344,3.230767969,5.599485938,14.85266406,12.72255391,4.232778906,1.740630781,1.275535547,0.977573281,0.768414219,0.713529844,0.612302891,0.508814375,0.411427891,0.349144477,0.297762539,0.266168258,0.206418602,0.170636477,0.149529938,0.150792633,0.135930828,0.13547118,0.125612836,0.116326664,0.110895852,0.103775063,0.114195125,0.103689172,0.092835375,0.090303328,0.081124859,0.090174609,0.09286707,0.079617289,0.071076414,0.074700195,0.085031508,0.075904531,0.065085141,0.063292633,0.069548461,0.072185477,0.064945984,0.061742617
20.50920313,8.952382031,5.212128125,3.404782813,1.781641875,1.333913516,1.328865313,2.629578906,7.404403906,4.642497109,1.307515703,0.468019609,0.387075234,0.370426719,0.349304766,0.335295,0.316060156,0.307852969,0.268398359,0.20594857,0.174964836,0.147032172,0.122133609,0.118413883,0.109298734,0.09963775,0.091312898,0.080053344,0.088857672,0.093724711,0.077336539,0.058540453,0.055612875,0.057941445,0.056587352,0.049490086,0.040083023,0.03906068,0.037276195,0.03667157,0.036148375,0.033619852,0.031243356,0.031971438,0.032170438,0.031592141,0.030348969,0.027660661,0.025843193,0.026798552
14.11893047,6.536454688,3.544678906,3.048725,2.821013359,2.123467031,2.131977578,4.693794531,9.363807031,6.744278906,1.750095391,0.926572813,0.924619063,0.861764375,0.848120391,0.869711016,0.785563438,0.697421953,0.755250781,0.810414453,0.499897266,0.412085469,0.350400156,0.247756344,0.257952266,0.241081172,0.214125602,0.225904859,0.213477156,0.20199757,0.183001438,0.211675563,0.190782195,0.16445075,0.126514813,0.14151025,0.188314484,0.168546617,0.135570703,0.138114031,0.14297743,0.12018657,0.099568891,0.107499039,0.111847031,0.128226313,0.126444328,0.141694016,0.144938391,0.104665188
24.94157422,7.269957813,3.890304688,3.835628125,2.93375625,2.203894453,1.730762891,1.304022344,1.653739297,4.989784375,4.250544375,1.226102578,0.626269375,0.530100625,0.488231719,0.522042188,0.512378516,0.508359688,0.492647422,0.432179922,0.394565547,0.31562143,0.255222219,0.213256406,0.176768164,0.159698305,0.137483523,0.124201141,0.108973734,0.10604318,0.086801672,0.075790469,0.067863648,0.062199023,0.062153305,0.05725875,0.053230484,0.049478625,0.047266023,0.044364891,0.043965313,0.04314257,0.039743461,0.037506063,0.035767242,0.031500758,0.034993117,0.03414266,0.033348456,0.034182365
10.74111953,4.733408594,2.484704688,1.830212266,1.387561875,1.130343984,1.086885781,1.003900078,1.190911016,1.260073203,0.747283359,0.448138828,0.278157031,0.246018281,0.237004063,0.227713359,0.232725469,0.221147016,0.222865219,0.219412406,0.200224211,0.1692325,0.149959156,0.148934023,0.140134766,0.132944242,0.120929016,0.120597719,0.139814469,0.215664578,0.237382242,0.153858461,0.107271086,0.094689836,0.09277193,0.087761977,0.093987617,0.088992266,0.076450109,0.065095828,0.063624305,0.064766352,0.060833828,0.056874438,0.059686727,0.061136977,0.069118258,0.074209078,0.062304234,0.061511883
23.10534531,14.80307422,9.5754625,6.855746094,6.226052344,5.305504688,5.146592969,5.680665625,12.37129922,31.13168125,17.89583984,4.226622813,1.410322969,1.080643047,0.817628516,0.72381375,0.639088047,0.661636406,0.906032969,0.796793906,0.514808125,0.328571797,0.255158305,0.233784516,0.219963211,0.206943383,0.189655555,0.208135992,0.207498328,0.189053344,0.199160961,0.165561578,0.143618023,0.13214807,0.126698609,0.119248789,0.109494602,0.106384109,0.098344688,0.080511195,0.084353297,0.082974281,0.081810938,0.079902641,0.083941984,0.081774813,0.085933938,0.090862336,0.080398586,0.068857344
29.31980859,11.62497969,5.128777344,3.505494531,3.265731328,2.991636172,3.797823828,6.218323125,12.57873281,7.320238047,1.634064453,0.905653984,0.684562266,0.555964688,0.471106016,0.406152109,0.348513984,0.306542469,0.266019102,0.234045219,0.21592893,0.189075656,0.176321539,0.160256672,0.152555742,0.143687695,0.13635093,0.123792297,0.114694234,0.112464234,0.104948336,0.100534484,0.102568688,0.088567703,0.081326656,0.08048632,0.082741039,0.085312203,0.080260133,0.073267047,0.067796977,0.067933344,0.069422813,0.067108547,0.062909484,0.06191707,0.05943518,0.060770969,0.060719211,0.059331336
47.29857813,13.457475,6.403680469,5.408090625,4.401445313,4.502920313,6.073514844,13.9206125,16.42659219,4.65165,1.505533516,1.288311797,1.186504922,1.237247031,1.062717734,0.855347891,0.636378984,0.563702656,0.406293359,0.350713047,0.299646172,0.304570078,0.291002813,0.262420883,0.224633008,0.205071609,0.184463273,0.164805,0.131789531,0.130051102,0.118558367,0.105236836,0.110933852,0.108959984,0.102562508,0.110292305,0.119394969,0.116387852,0.107282914,0.094417016,0.101359789,0.096802867,0.112973289,0.106012391,0.110678227,0.107945203,0.124364273,0.128641625,0.114190758,0.095804586
23.88860156,7.197821094,4.895379688,4.208625,2.3114225,1.427780625,1.257997734,1.736717813,2.510524141,1.783647188,1.088984063,0.603159922,0.346333516,0.293905602,0.269610469,0.256230789,0.217195469,0.200867281,0.177100555,0.144132094,0.140735313,0.114886867,0.091784352,0.087236648,0.082642516,0.087720617,0.07685057,0.067709227,0.071122273,0.056075805,0.055018805,0.052577969,0.050875375,0.049044898,0.05100768,0.050098664,0.044004409,0.04705907,0.049011489,0.041491805,0.036083184,0.039394824,0.043302077,0.040415374,0.039212178,0.03684954,0.037024204,0.040554445,0.040447356,0.034396191
28.27953125,11.06855469,5.38690625,3.852090625,3.464920313,3.810988281,5.263167188,10.75662109,16.78971094,7.666761719,1.881170156,0.925856484,1.000189844,1.216788281,1.22660125,1.028395859,0.926325078,0.872229609,0.744916797,0.589776484,0.452992891,0.376252109,0.309735313,0.263462969,0.239920695,0.216430148,0.195637125,0.17487575,0.152478258,0.135700766,0.137446883,0.16000882,0.159773852,0.127194516,0.103647625,0.098688211,0.103432281,0.098770563,0.079940867,0.085472953,0.082603602,0.077108133,0.085717852,0.084031781,0.077555586,0.078357867,0.081936883,0.081562469,0.07899157,0.077578938
29.01111719,12.60413906,8.030264844,22.2330625,22.81756406,4.587857813,3.409749219,6.120611719,7.544820313,3.84793125,1.567431797,1.044582734,1.082841953,1.151677734,0.874698906,0.679848359,0.558800156,0.492967266,0.408800547,0.346075391,0.321082891,0.287425453,0.244981031,0.221386273,0.196671344,0.170774656,0.151340008,0.147916164,0.14270993,0.133123078,0.180230531,0.274694641,0.185688063,0.111796375,0.103869453,0.095433016,0.093568875,0.088676813,0.085520984,0.081225773,0.080983281,0.075582602,0.074547977,0.067154453,0.065366984,0.065019102,0.065547398,0.066030297,0.065021156,0.059624336
38.80494688,8.735475,3.750901563,2.54840375,2.200808984,1.358705,1.188309063,1.588217422,5.321542969,9.984632813,3.353899063,0.980419609,0.640086484,0.541763672,0.480963352,0.419865805,0.327877211,0.349071055,0.329177484,0.294270031,0.240481281,0.201439102,0.193154508,0.178255086,0.157485461,0.136736375,0.126529758,0.1346095,0.126559156,0.104402617,0.092527078,0.091317969,0.08821875,0.092119313,0.101159039,0.098005859,0.077405687,0.077522119,0.078868188,0.072721021,0.07820198,0.07812322,0.073515741,0.0701808,0.069738357,0.072706442,0.071112208,0.06744642,0.064676315,0.061317667
18.56122578,7.825735156,3.768139844,3.210799219,2.866914844,2.822747656,3.948769531,7.244332031,15.02451563,7.713403125,4.004617969,1.540609531,0.962217734,0.889398672,0.941225234,0.925486016,0.920628594,0.974775078,1.011574922,1.088408672,1.140419766,0.710910078,0.337914063,0.204517133,0.155757563,0.130481195,0.114813172,0.091562406,0.079158359,0.07147418,0.072398039,0.065362875,0.055356938,0.049127117,0.049145266,0.044560031,0.04072932,0.037779016,0.035837734,0.035281086,0.033303148,0.033287367,0.032850625,0.032137508,0.031109867,0.027790508,0.027932953,0.026729242,0.029499234,0.026814242
39.65785547,11.91018438,5.658521875,3.903984375,3.209875,2.520422109,2.35892375,3.276453828,3.700315703,2.474503281,1.189511484,0.818036797,0.794826484,0.754264297,0.684213281,0.694653594,0.615851563,0.489901797,0.41496125,0.342935469,0.298565797,0.264758781,0.233444648,0.211292773,0.192244547,0.181611711,0.172282234,0.162667805,0.164157234,0.155009852,0.132206844,0.127658961,0.123989461,0.120808719,0.106155578,0.108726922,0.097996281,0.100107984,0.097164977,0.105220469,0.092872211,0.097388484,0.095203305,0.085616789,0.096193367,0.110122617,0.110978805,0.091528873,0.085059438,0.089035867
21.13170234,8.903321094,4.303828125,3.781639063,2.94724375,2.585690234,3.664258672,6.227985156,10.59204375,6.868491563,1.187155625,0.504572422,0.448866953,0.509348125,0.503711328,0.491209063,0.395794688,0.340600938,0.319364219,0.290830617,0.202992953,0.187807078,0.164144797,0.169072742,0.150685516,0.146592875,0.129465883,0.108327156,0.101131023,0.095336008,0.100362406,0.081639016,0.077659977,0.069417156,0.063368859,0.059384953,0.060091648,0.054068719,0.05270407,0.049120086,0.04955675,0.048396742,0.049826047,0.052631594,0.052847781,0.050765039,0.045219469,0.042952188,0.047556867,0.043685328
21.11972578,9.775282031,5.156572656,4.113338281,4.106835938,4.330400781,3.876860156,3.912375781,5.019567969,6.431797656,3.416744531,2.274027344,2.054592969,1.631479375,1.237999219,1.016762031,0.807612969,0.864163828,1.128907188,1.288951875,0.992276953,0.935918047,0.879239609,0.719821797,0.550324766,0.33756625,0.261121719,0.221229609,0.191036031,0.147809305,0.128663055,0.119064953,0.107610469,0.103638914,0.100281188,0.088732023,0.076096258,0.075862625,0.081428477,0.075795258,0.067205523,0.067246719,0.064724477,0.059812875,0.059125602,0.060390883,0.063497977,0.064003305,0.064285383,0.055234617
19.08049297,8.724651563,4.401152344,3.66988125,3.530457031,3.293428125,3.702603906,5.608788281,12.40655391,10.14849453,2.857885703,1.1131825,1.061785703,1.015893594,0.837843203,0.707854297,0.682418438,0.671370859,0.652209219,0.597213672,0.525301953,0.458316406,0.407121953,0.344593516,0.311347266,0.289292336,0.279138539,0.2662625,0.24170032,0.220255727,0.230633875,0.343499664,0.309782031,0.177451336,0.140493211,0.127295086,0.11297407,0.107335695,0.104518133,0.098416195,0.102564219,0.094180805,0.095945844,0.091823969,0.08370707,0.078036539,0.079254758,0.075605672,0.076898258,0.077298258
46.84828125,17.22400156,6.484558594,4.070653906,2.892286719,2.349664063,2.389206797,3.218138281,6.498758906,17.28919063,23.38813438,6.036197656,1.275904922,0.904148828,0.8314125,0.780813438,0.744513047,0.704091797,0.786078516,0.931986406,0.991289922,0.835756953,0.547108672,0.402845313,0.283796867,0.212663742,0.184389375,0.169401922,0.175324484,0.159935695,0.167664391,0.142907156,0.12261525,0.115787555,0.120904578,0.099939109,0.088904492,0.093850188,0.088165414,0.087587617,0.081599305,0.077497828,0.091412063,0.087711289,0.072565547,0.064901836,0.066194719,0.07307957,0.065239773,0.058762891
34.54794531,12.38773594,6.329839844,4.999155469,3.657933594,3.192613281,4.701194531,14.74549453,16.64033594,3.579125,0.997753203,0.686142266,0.606247813,0.579535469,0.575418438,0.538066797,0.556403672,0.462450547,0.360684531,0.308508984,0.263310391,0.25717625,0.225301438,0.211059688,0.192415547,0.184719359,0.162855828,0.12999543,0.119873164,0.115565297,0.125905328,0.117198,0.09371918,0.082189234,0.077325414,0.0746805,0.075360828,0.073056398,0.070680664,0.067852625,0.065852531,0.060262125,0.059056883,0.057061219,0.057246117,0.058681977,0.053226422,0.056137398,0.059397617,0.05340632
35.83278125,9.859861719,4.09760625,3.058008594,2.188653125,1.770875859,1.714763281,1.478058984,1.799972344,5.135844531,8.851559375,4.453784375,1.816329531,1.215565703,1.057740234,0.920486016,0.871395313,0.969240859,1.000558359,0.713521563,0.532901953,0.467422031,0.366691484,0.299189773,0.259450984,0.233797648,0.209542484,0.223458367,0.231971445,0.192797203,0.166289914,0.152039086,0.143668195,0.150893945,0.160539219,0.150165844,0.143074828,0.136343836,0.149630594,0.185039047,0.211807734,0.220238445,0.186495398,0.147604242,0.122076953,0.119409195,0.121536375,0.113102016,0.125518625,0.124500273
27.19995313,10.03126719,5.045938281,3.722253906,3.636421094,3.697589844,3.305005469,5.300179688,6.493213281,4.166190469,2.033295313,1.014041094,0.801035469,0.787705234,0.704306797,0.634281953,0.591175547,0.504124375,0.504931406,0.5293725,0.463343984,0.329755625,0.314988672,0.284609289,0.234815797,0.207571859,0.199466766,0.193108883,0.19824675,0.243467695,0.245917516,0.172773664,0.130335258,0.113374953,0.108209133,0.105143875,0.090680953,0.079270555,0.084079625,0.099340063,0.088969695,0.079027,0.070851641,0.064914094,0.064115289,0.064838781,0.070333758,0.066905875,0.059420586,0.060156477
10.42921797,4.702348438,2.312157578,1.725650859,1.458574531,1.096698359,1.092638047,1.473326563,2.171947891,2.034520781,2.445425156,2.451224219,0.963476328,0.489771953,0.392319313,0.295461297,0.22434468,0.175348219,0.144597375,0.127236133,0.136108695,0.124070555,0.113842164,0.095591211,0.078404719,0.067547813,0.060249836,0.05395668,0.050402617,0.047670898,0.051639203,0.059933461,0.053632922,0.039501508,0.03293148,0.031031089,0.02818434,0.029747023,0.028485607,0.026645946,0.026944806,0.02432908,0.023139703,0.023477761,0.020328559,0.020356003,0.018918036,0.019762105,0.020383839,0.01891433